rallyid,strokeid,stroke,type_of_shot,time_diff,server_x,server_y,receiver_x,receiver_y,server_distance_from_baseline,receiver_distance_from_baseline,server_x_prev,server_y_prev,receiver_x_prev,receiver_y_prev,ServerWinsPoint
29,1,forehand,first_serve,0.0,7.36,-1.009999999999998,1.563409519623404,25.101359115151872,2.1297241605428616,4.138219642186152,,,,,1
135,7,forehand,volley,1.0399999999999636,4.84,5.99,4.8268691147091545,21.076300186000207,6.024626544442403,2.782647830106468,7.36,-1.009999999999998,1.563409519623404,25.101359115151872,1
149,2,forehand,return,0.9200000000000728,4.901133304302556,0.24150416256404483,8.75,24.43,0.6318422104294809,3.3290726937091653,4.84,5.99,4.8268691147091545,21.076300186000207,0
152,11,forehand,topspin,1.0799999999999272,1.5600000000000005,0.5500000000000007,7.479595491476418,24.768378230518376,3.963347701123382,2.2260509206172,4.901133304302556,0.24150416256404483,8.75,24.43,0
154,14,backhand,topspin,1.3599999999996726,5.856172741721536,-1.9272587097872638,8.4,24.03,1.9626755561345206,2.9257007707556153,1.5600000000000005,0.5500000000000007,7.479595491476418,24.768378230518376,1
160,1,forehand,second_serve,0.0,4.91,-5.219999999999999,9.464735747645518,24.4596901310344,5.251573573701505,4.037359941262753,,,,,1
160,2,backhand,return,1.0399999999999636,7.013940359249231,0.4683674175497998,4.010000000000001,25.67,1.5990705612834712,2.397441344433686,4.91,-5.219999999999999,9.464735747645518,24.4596901310344,1
160,3,forehand,topspin,1.5200000000004366,9.690000000000001,6.600000000000001,4.883796624948274,25.126630373409284,7.8257284006027215,1.4747402689158564,7.013940359249231,0.4683674175497998,4.010000000000001,25.67,1
161,7,backhand,topspin,1.0799999999999272,3.29,-3.669999999999998,6.579916004286066,24.292793482460194,4.2763214331946555,1.2090484738402407,9.690000000000001,6.600000000000001,4.883796624948274,25.126630373409284,1
168,5,backhand,volley,1.199999999999818,6.99,6.54,4.655561289768239,18.701469996447514,6.710933243595856,5.145817288926391,3.29,-3.669999999999998,6.579916004286066,24.292793482460194,1
1,1,forehand,first_serve,0.0,6.5,-0.24,1.03,27.44,1.0429884946632917,5.765641768268299,,,,,1
1,2,backhand,slice,0.92,6.17,1.11,0.05,25.59,1.3043484963766392,5.72846619960352,6.5,-0.24,1.03,27.44,1
1,3,forehand,topspin,2.0000000000000004,1.42,2.33,4.75,26.45,4.685416203497828,2.7693185082254423,6.17,1.11,0.05,25.59,1
3,1,forehand,second_serve,0.0,4.48,-0.37,7.88,26.47,1.0709458436354284,3.6016836340800378,,,,,1
3,2,forehand,slice,0.9599999999999937,4.47,0.19,7.4,24.79,1.0326301370771633,2.165023094565043,4.48,-0.37,7.88,26.47,1
3,3,backhand,topspin,1.6000000000000014,1.66,0.43,6.12,25.84,3.8490940492536687,2.1556495540787686,4.47,0.19,7.4,24.79,1
3,4,forehand,topspin,1.6000000000000014,3.12,-0.94,8.14,27.07,2.544960706965827,4.2276618833582225,1.66,0.43,6.12,25.84,1
6,1,forehand,first_serve,0.0,4.45,-0.25,7.81,28.35,1.0647652323399748,5.127428692824504,,,,,1
6,2,forehand,topspin,0.7999999999999972,4.47,1.26,8.84,27.57,1.617969406385671,5.061632641747126,4.45,-0.25,7.81,28.35,1
6,3,backhand,topspin,1.2000000000000028,1.57,1.37,8.12,26.94,4.147785553762393,4.114465335860785,4.47,1.26,8.84,27.57,1
6,4,forehand,topspin,1.1999999999999886,1.66,1.41,8.96,26.45,4.076607045080505,4.382296772241697,1.57,1.37,8.12,26.94,1
6,5,forehand,topspin,1.2000000000000028,3.11,-0.08,7.66,26.09,2.376346986447897,3.1728102685159087,1.66,1.41,8.96,26.45,1
6,6,forehand,topspin,1.2000000000000028,3.55,-0.94,7.35,25.14,2.151238015655172,2.308208179519342,3.11,-0.08,7.66,26.09,1
6,7,backhand,topspin,0.7999999999999972,3.25,-0.08,6.42,25.37,2.236431309027845,1.8445392378586036,3.55,-0.94,7.35,25.14,1
6,8,forehand,topspin,1.6000000000000085,3.86,-1.16,8.38,28.74,1.996553280030363,5.743050147787321,3.25,-0.08,6.42,25.37,1
6,9,backhand,topspin,1.1999999999999886,1.11,-0.62,7.12,26.33,4.418713047936016,3.029145919232018,3.86,-1.16,8.38,28.74,1
6,10,backhand,slice,1.2000000000000028,2.05,-0.71,3.03,27.07,3.507609584888262,4.105012180249895,1.11,-0.62,7.12,26.33,1
8,1,forehand,second_serve,0.0,5.48,-0.4,1.64,23.86,0.4000312487793923,3.8458321596242344,,,,,0
8,2,backhand,return,0.8000000000000114,5.83,1.29,3.82,24.33,1.3353370361073642,1.7534893783539147,5.48,-0.4,1.64,23.86,0
8,3,forehand,topspin,1.1999999999999886,5.49,-0.32,5.26,25.26,0.3200390601161052,1.497005344011838,5.83,1.29,3.82,24.33,0
8,4,backhand,topspin,1.200000000000017,4.38,-1.38,7.78,25.14,1.7678871570323715,2.6677003205007863,5.49,-0.32,5.26,25.26,0
8,5,backhand,topspin,1.5999999999999943,7.8,-1.16,4.7,26.94,2.589367683431613,3.2560443793044347,4.38,-1.38,7.78,25.14,0
8,6,forehand,topspin,1.1999999999999886,6.76,-1.16,1.54,25.97,1.7237241658687734,4.5121087087968075,7.8,-1.16,4.7,26.94,0
8,7,forehand,topspin,1.200000000000017,2.72,-1.83,4.42,25.61,3.315738982489424,2.1173391320239645,6.76,-1.16,1.54,25.97,0
9,1,forehand,first_serve,0.0,4.22,-0.27,8.63,25.76,1.2934933320276534,3.7163725593648445,,,,,0
9,2,forehand,return,0.9200000000000159,5.51,1.11,6.84,25.49,1.11028149583788,2.181771069567105,4.22,-0.27,8.63,25.76,0
9,3,forehand,topspin,0.799999999999983,6.5,-0.42,5.32,26.45,1.0984648378532647,2.6750934563113846,5.51,1.11,6.84,25.49,0
9,4,forehand,topspin,1.5999999999999943,6.49,-1.47,2.05,28.08,1.7807091284092411,5.503564753866351,6.5,-0.42,5.32,26.45,0
9,5,forehand,topspin,1.1999999999999886,2.53,-1.53,4.23,27.07,3.327600486837325,3.5212391284887192,6.49,-1.47,2.05,28.08,0
9,6,backhand,topspin,1.5999999999999943,3.38,-1.59,7.37,25.26,2.6380153524951293,2.3965861136207898,2.53,-1.53,4.23,27.07,0
9,7,backhand,topspin,1.200000000000017,5.73,-0.75,5.55,26.33,0.789002534850174,2.5508282968479055,3.38,-1.59,7.37,25.26,0
9,8,forehand,topspin,1.6000000000000227,6.23,-1.56,2.42,26.82,1.7287640093430914,4.316923094056691,5.73,-0.75,5.55,26.33,0
9,9,backhand,topspin,1.1999999999999602,7.85,-1.95,3.81,26.09,3.0652446884384283,2.853370813616764,6.23,-1.56,2.42,26.82,0
9,10,forehand,topspin,1.200000000000017,6.12,-2.16,6.12,25.97,2.2514051168103886,2.2802028418542046,7.85,-1.95,3.81,26.09,0
9,11,forehand,topspin,1.1999999999999886,1.03,-1.19,7.17,25.97,4.611195615022204,2.7632091849876277,6.12,-2.16,6.12,25.97,0
9,12,backhand,topspin,2.0,3.49,-0.49,9.54,24.91,2.0542942827160866,4.20950412756657,1.03,-1.19,7.17,25.97,0
11,2,forehand,first_serve,23.439999999999998,5.53,-0.43,1.41,25.65,0.43234823927015126,4.483583945907558,3.49,-0.49,9.54,24.91,1
11,3,backhand,slice,1.079999999999984,6.59,1.04,4.0,25.84,1.5174402788907375,2.539453681404722,5.53,-0.43,1.41,25.65,1
11,4,forehand,topspin,1.1999999999999886,4.07,4.39,4.8,27.32,4.612409890718733,3.605665680564408,6.59,1.04,4.0,25.84,1
13,1,forehand,second_serve,0.0,4.1,-0.02,8.37,27.32,1.3851443968048969,4.566708333143248,,,,,0
13,2,forehand,topspin,0.7999999999998977,5.14,1.44,8.1,26.09,1.4807514983953252,3.489172538009548,4.1,-0.02,8.37,27.32,0
13,3,forehand,topspin,0.8000000000000114,4.2,1.75,6.57,26.69,2.17111146650742,3.1056923543712442,5.14,1.44,8.1,26.09,0
13,4,forehand,topspin,1.1999999999999886,4.55,1.07,3.53,27.57,1.4209591830872557,4.264519316406012,4.2,1.75,6.57,26.69,0
13,5,backhand,topspin,1.2000000000001023,6.44,-0.87,4.33,27.19,1.2918688013881288,3.6002951267916914,4.55,1.07,3.53,27.57,0
13,6,backhand,topspin,1.599999999999909,5.73,-0.91,5.28,25.26,0.9424038412485383,1.4941301817445498,6.44,-0.87,4.33,27.19,0
13,7,forehand,topspin,1.1999999999999886,4.11,-0.68,5.32,26.69,1.5339573005791263,2.914674081265348,5.73,-0.91,5.28,25.26,0
13,8,forehand,topspin,1.6000000000000227,5.15,-1.8,3.72,26.21,1.8309082445606062,3.0033522936878385,4.11,-0.68,5.32,26.69,0
13,9,backhand,topspin,1.1999999999999886,7.6,-1.68,3.97,26.94,2.7010414658053654,3.504400804702567,5.15,-1.8,3.72,26.21,0
13,10,forehand,topspin,1.1999999999999886,6.78,-2.16,1.94,25.02,2.5184568687988285,3.7556124666956783,7.6,-1.68,3.97,26.94,0
13,11,forehand,topspin,1.2000000000001023,6.97,-1.74,3.19,27.19,2.2875368849485245,4.110367988392281,6.78,-2.16,1.94,25.02,0
13,12,backhand,topspin,1.599999999999909,4.78,-1.16,7.71,25.84,1.3574332396107,3.032198047621559,6.97,-1.74,3.19,27.19,0
13,13,backhand,topspin,1.1999999999999886,7.03,-0.55,5.85,26.33,1.6399771339869347,2.575990100912654,4.78,-1.16,7.71,25.84,0
14,1,forehand,first_serve,0.0,5.45,-0.14,1.21,27.82,0.14430869689661815,5.881940581134766,,,,,0
14,2,forehand,slice,1.0400000000000205,6.2,1.71,-0.69,27.45,1.8534629750820488,7.183280935617095,5.45,-0.14,1.21,27.82,0
14,3,forehand,topspin,1.6000000000000227,9.3,2.77,3.12,25.37,4.714565197343229,2.8497938521935233,6.2,1.71,-0.69,27.45,0
15,1,forehand,first_serve,0.0,7.460000000000001,-0.21999999999999886,1.370000000000001,27.35,1.9872153884267305,5.447763302493969,,,,,1
15,2,forehand,topspin,0.8000000000000114,7.0600000000000005,2.330000000000002,3.6000000000000005,26.310000000000002,2.8123877755387876,3.1550158478207373,7.460000000000001,-0.21999999999999886,1.370000000000001,27.35,1
17,1,forehand,first_serve,0.0,5.53,-3.789999999999999,9.15,24.94,3.7902671409809616,3.844193673580976,,,,,1
17,2,backhand,topspin,1.1999999999999886,5.66,-4.43,8.280000000000001,24.07,4.433455198826306,2.8100044483950564,5.53,-3.789999999999999,9.15,24.94,1
17,3,forehand,topspin,1.6000000000000227,5.94,-6.039999999999999,6.2,23.03,6.057113586519572,1.0362070256469023,5.66,-4.43,8.280000000000001,24.07,1
17,4,forehand,topspin,1.1999999999999886,5.83,-7.149999999999999,8.47,22.810000000000002,7.158318587489662,3.1386501875806423,5.94,-6.039999999999999,6.2,23.03,1
18,1,forehand,first_serve,0.0,8.21,-0.3299999999999983,1.8499999999999996,26.76,2.7449089238078557,4.700385622478225,,,,,1
18,2,forehand,topspin,0.7999999999999545,7.790000000000001,0.45000000000000284,3.960000000000001,25.25,2.348515488558678,2.118141874379522,8.21,-0.3299999999999983,1.8499999999999996,26.76,1
18,3,forehand,topspin,1.6000000000000227,9.55,0.45000000000000284,5.2,27.09,4.0898319036361395,3.3222469805840733,7.790000000000001,0.45000000000000284,3.960000000000001,25.25,1
18,4,backhand,slice,1.199999999000056,8.71,-0.5499999999999972,1.7800000000000011,25.970000000000002,3.2715630820756,4.303850020621072,9.55,0.45000000000000284,5.2,27.09,1
18,5,backhand,topspin,2.0,6.2700000000000005,2.1300000000000026,6.220000000000001,24.75,2.2700495589303795,1.2170147903784894,8.71,-0.5499999999999972,1.7800000000000011,25.970000000000002,1
18,6,backhand,slice,0.800000000999944,6.74,1.8200000000000003,3.83,24.0,2.210752134455602,1.669558324827258,6.2700000000000005,2.1300000000000026,6.220000000000001,24.75,1
20,1,forehand,first_serve,0.0,7.78,-0.21999999999999886,3.3000000000000007,27.03,2.3055205485963466,3.916213094304241,,,,,0
20,2,forehand,return,0.7200000000000273,8.06,4.280000000000001,3.74,26.400000000000002,4.994899898896875,3.1479239190298114,7.78,-0.21999999999999886,3.3000000000000007,27.03,0
20,3,backhand,topspin,1.6000000000000227,11.1,3.620000000000001,5.210000000000001,26.87,6.680765300472693,3.1022129198364192,8.06,4.280000000000001,3.74,26.400000000000002,0
20,4,forehand,topspin,1.0399999999999636,10.59,2.5400000000000027,2.74,26.650000000000002,5.701984303731465,3.971388296301434,11.1,3.620000000000001,5.210000000000001,26.87,0
20,5,forehand,topspin,1.6000000000000227,4.78,-0.8999999999999986,6.170000000000001,26.080000000000002,1.1432519407374726,2.3998385362353036,10.59,2.5400000000000027,2.74,26.650000000000002,0
20,6,backhand,topspin,1.8400000000000318,4.590000000000001,-3.16,10.370000000000001,23.1,3.2842997731632235,4.932101479085767,4.78,-0.8999999999999986,6.170000000000001,26.080000000000002,0
20,7,backhand,topspin,1.2799999999999727,8.01,-4.689999999999998,7.94,24.07,5.326511522563335,2.472068971529718,4.590000000000001,-3.16,10.370000000000001,23.1,0
20,8,backhand,slice,1.1999999999999318,8.59,-4.049999999999997,9.350000000000001,24.94,5.1032857062876635,4.035322168055483,8.01,-4.689999999999998,7.94,24.07,0
20,9,forehand,topspin,1.8000000000000682,8.39,1.6099999999999994,5.840000000000001,25.0,3.32131374609506,1.270600251849494,8.59,-4.049999999999997,9.350000000000001,24.94,0
20,10,forehand,topspin,1.0399999999999636,8.09,4.84,3.130000000000001,25.0,5.496510256517311,2.6522490456214696,8.39,1.6099999999999994,5.840000000000001,25.0,0
20,11,backhand,volley,0.8000000000000682,8.040000000000001,6.350000000000001,3.5,24.84,6.844744334158875,2.250294425180847,8.09,4.84,3.130000000000001,25.0,0
20,12,backhand,topspin,1.759999999999991,7.140000000000001,6.77,7.75,16.67,6.969356139558373,7.462059032197479,8.040000000000001,6.350000000000001,3.5,24.84,0
22,1,forehand,second_serve,0.0,5.840000000000001,-0.6699999999999982,10.040000000000001,23.490000000000002,0.7582380892569285,4.564222277672288,,,,,1
22,2,forehand,topspin,0.7599999999999909,6.4,1.4100000000000001,10.01,23.17,1.6808703102857163,4.565930901798668,5.840000000000001,-0.6699999999999982,10.040000000000001,23.490000000000002,1
24,1,forehand,first_serve,0.0,7.970000000000001,-0.7799999999999976,3.1800000000000006,25.61,2.6045393066721028,2.9431148465528816,,,,,0
24,2,forehand,topspin,0.7199999999999136,8.200000000000001,1.6099999999999994,2.74,24.970000000000002,3.1564735069377665,2.991843077435714,7.970000000000001,-0.7799999999999976,3.1800000000000006,25.61,0
24,3,backhand,topspin,1.1200000000000045,10.99,1.0899999999999999,3.7,24.03,5.611873573059179,1.802421981668,8.200000000000001,1.6099999999999994,2.74,24.970000000000002,0
24,4,backhand,topspin,1.5200000000000955,8.81,-2.549999999999997,6.91,23.86,4.190241639810285,1.4272438474206148,10.99,1.0899999999999999,3.7,24.03,0
25,1,forehand,first_serve,0.0,5.74,-0.8999999999999986,10.06,24.650000000000002,0.9354277096601304,4.656986686689152,,,,,1
25,2,backhand,topspin,0.8000000000000682,6.3100000000000005,-0.3299999999999983,12.08,22.560000000000002,0.8885521931771927,6.70689384141422,5.74,-0.8999999999999986,10.06,24.650000000000002,1
25,3,forehand,topspin,1.7199999999999136,1.2400000000000002,0.010000000000001563,9.31,24.200000000000003,4.245011778546674,3.8479897349135435,6.3100000000000005,-0.3299999999999983,12.08,22.560000000000002,1
26,1,forehand,first_serve,0.0,7.0200000000000005,-0.3299999999999983,2.880000000000001,25.82,1.5700716544158102,3.308719540849601,,,,,0
26,2,backhand,topspin,0.7200000000000273,7.470000000000001,1.0899999999999999,5.180000000000001,24.75,2.2645805351102,1.0168210265331838,7.0200000000000005,-0.3299999999999983,2.880000000000001,25.82,0
26,3,backhand,topspin,1.6800000000000637,9.91,0.010000000000001563,5.5,26.17,4.425011299420601,2.390047070666183,7.470000000000001,1.0899999999999999,5.180000000000001,24.75,0
26,4,forehand,topspin,1.1599999999999682,9.74,-1.2399999999999984,1.67,25.94,4.432000112815882,4.384042084652017,9.91,0.010000000000001563,5.5,26.17,0
26,5,forehand,topspin,1.1599999999999682,7.120000000000001,-1.7099999999999973,3.6100000000000003,25.490000000000002,2.3658666488202567,2.537661324921039,9.74,-1.2399999999999984,1.67,25.94,0
26,6,backhand,topspin,1.5199999999999818,2.6400000000000006,-2.549999999999997,9.49,23.8,3.82053988331492,4.0050499372667,7.120000000000001,-1.7099999999999973,3.6100000000000003,25.490000000000002,0
26,7,backhand,topspin,1.2000000000000455,4.960000000000001,-2.789999999999999,8.280000000000001,22.85,2.838965480593238,2.9456620647996954,2.6400000000000006,-2.549999999999997,9.49,23.8,0
28,1,forehand,first_serve,0.0,4.890000000000001,-0.3299999999999983,9.86,24.400000000000002,0.6803859199013443,4.4187130479360155,,,,,1
28,2,forehand,topspin,0.8400000000000318,5.79,1.3000000000000007,10.22,23.8,1.3352995918519566,4.73504223845997,4.890000000000001,-0.3299999999999983,9.86,24.400000000000002,1
29,2,forehand,topspin,0.8000000000000682,7.92,0.7699999999999996,2.0,25.73,2.5538451401758873,3.993460279006165,5.79,1.3000000000000007,10.22,23.8,1
30,1,forehand,first_serve,0.0,5.260000000000001,-1.9499999999999993,9.97,24.970000000000002,1.9629378492453593,4.640185879897486,,,,,1
30,2,backhand,topspin,0.8000000000000682,5.53,-0.21999999999999886,12.21,22.740000000000002,0.22455511572885506,6.804941219437535,5.260000000000001,-1.9499999999999993,9.97,24.970000000000002,1
30,3,forehand,topspin,1.3599999999999,4.73,-0.10999999999999943,9.92,22.560000000000002,0.7629711659034041,4.599741840581925,5.53,-0.21999999999999886,12.21,22.740000000000002,1
30,4,forehand,topspin,1.240000000000009,7.120000000000001,0.33999999999999986,4.61,25.34,1.669977544759211,1.7886377497973132,4.73,-0.10999999999999943,9.92,22.560000000000002,1
32,1,forehand,first_serve,0.0,4.22,0.09,7.44,29.54,1.268197539817832,6.082731705409994,,,,,1
32,2,backhand,slice,0.8000000000000682,4.19,0.86,4.75,27.7,1.5545497740503518,3.9883110460444264,4.22,0.09,7.44,29.54,1
32,3,forehand,topspin,2.67999999999995,2.94,1.11,4.52,29.14,2.7765311091360028,5.44617526343029,4.19,0.86,4.75,27.7,1
32,4,forehand,topspin,1.0,3.03,1.11,7.21,29.27,2.6942763406896484,5.754626399689209,2.94,1.11,4.52,29.14,1
32,5,backhand,topspin,1.5600000000000591,1.83,0.09,6.32,28.21,3.6561079032216766,4.5080067657447005,3.03,1.11,7.21,29.27,1
32,6,backhand,topspin,1.2799999999999727,3.97,-0.42,2.75,26.09,1.5721402609182173,3.57998952512434,1.83,0.09,6.32,28.21,1
34,1,forehand,first_serve,0.0,4.02,-0.15,7.27,29.27,1.4726591594798852,5.77289572052016,,,,,1
34,2,forehand,return,0.7200000000000273,3.89,0.86,8.03,26.82,1.8120775369724111,3.9646721175905566,4.02,-0.15,7.27,29.27,1
34,3,backhand,topspin,1.5599999999999454,1.95,1.52,6.12,27.57,3.847937759371895,3.8428277348848194,3.89,0.86,8.03,26.82,1
34,4,forehand,topspin,1.0799999990001652,2.72,0.82,7.98,26.82,2.8840292994350807,3.93276302362601,1.95,1.52,6.12,27.57,1
34,5,backhand,topspin,1.240000000000009,2.57,1.07,6.42,26.45,3.1051771286031338,2.8289794979815586,2.72,0.82,7.98,26.82,1
36,1,forehand,second_serve,0.0,5.46,-0.49,1.18,24.68,0.49063734060913056,4.398070599706195,,,,,0
36,2,backhand,topspin,0.9200000000000728,5.87,0.82,2.24,24.45,0.9058835465996717,3.3134460913073567,5.46,-0.49,1.18,24.68,0
36,3,forehand,topspin,1.240000000000009,4.6,-0.94,3.95,24.56,1.2910557695157872,1.7218086420970236,5.87,0.82,2.24,24.45,0
37,1,forehand,first_serve,0.0,3.91,-0.78,8.46,25.84,1.7575622321841127,3.618594340348196,,,,,1
37,2,backhand,return,0.8400000000001455,4.71,1.29,11.36,24.79,1.5049003289254743,5.961184865444117,3.91,-0.78,8.46,25.84,1
38,1,forehand,first_serve,0.0,5.45,-0.91,1.38,25.02,0.9106728281880382,4.288196007647039,,,,,1
38,2,backhand,slice,0.7200000000000273,5.72,0.82,4.06,24.45,0.853009378611982,1.5746507549294857,5.45,-0.91,1.38,25.02,1
38,3,forehand,topspin,2.3999999999998636,6.96,8.13,5.63,23.67,8.262718983482376,0.18200274723201226,5.72,0.82,4.06,24.45,1
40,1,forehand,second_serve,0.0,3.96,-0.58,8.51,24.45,1.6315713285051319,3.098310023222336,,,,,0
40,2,forehand,topspin,0.8400000000001455,4.81,0.71,8.11,24.22,0.9796555517119274,2.6616207468382855,3.96,-0.58,8.51,24.45,0
40,3,forehand,topspin,1.2799999999997453,1.67,-0.05,6.52,25.02,3.8153276399281886,1.6151857478321168,4.81,0.71,8.11,24.22,0
40,4,forehand,topspin,1.240000000000009,2.37,-0.75,3.7,25.49,3.2040170099423633,2.471907158450736,1.67,-0.05,6.52,25.02,0
40,5,forehand,topspin,1.0800000000001546,3.76,-0.71,5.01,25.37,1.8654021014247846,1.6594351448610458,2.37,-0.75,3.7,25.49,0
40,6,forehand,topspin,1.4800000000000182,4.75,-2.53,7.48,25.37,2.63460148789148,2.551102702754242,3.76,-0.71,5.01,25.37,0
40,7,forehand,topspin,1.1199999999998909,2.98,-2.62,7.28,24.91,3.624834478979696,2.1210669484954967,4.75,-2.53,7.48,25.37,0
40,8,backhand,topspin,1.3199999999999363,3.75,-2.22,8.23,24.56,2.817556565536884,2.8536686913515377,2.98,-2.62,7.28,24.91,0
40,9,forehand,topspin,1.1200000000001182,0.86,-0.94,7.4,23.67,4.7195577123285615,1.9181566672198598,3.75,-2.22,8.23,24.56,0
40,10,backhand,topspin,1.4400000000000546,2.34,-1.41,8.3,22.17,3.446610653961367,3.2428883730403055,0.86,-0.94,7.4,23.67,0
40,11,forehand,topspin,1.0,0.73,-1.06,8.18,23.67,4.871716843167304,2.6972439637526295,2.34,-1.41,8.3,22.17,0
42,1,forehand,second_serve,0.0,5.44,-0.55,1.44,24.0,0.551837838499681,4.0509782769104055,,,,,1
42,2,backhand,topspin,0.7999999999999545,5.89,1.0,2.65,24.0,1.0788999026786494,2.8435233426156366,5.44,-0.55,1.44,24.0,1
42,3,forehand,slice,2.519999999999982,6.01,8.52,4.6,22.37,8.53615985089314,1.6647297077904275,5.89,1.0,2.65,24.0,1
42,4,backhand,volley,1.0,5.39,10.04,7.14,19.69,10.04044944213156,4.4121565022106815,6.01,8.52,4.6,22.37,1
42,5,backhand,topspin,2.8400000000001455,7.04,-0.32,5.04,16.18,1.5875846434127532,7.613016813327028,5.39,10.04,7.14,19.69,1
42,6,forehand,volley,0.6399999999998727,6.66,-1.38,3.4,16.67,1.8124637927418024,7.409407871078497,7.04,-0.32,5.04,16.18,1
43,1,forehand,first_serve,0.0,4.05,-0.65,8.67,27.19,1.5753491676450657,4.666082403901585,,,,,1
43,2,backhand,return,0.7599999999999909,4.96,0.86,9.5,25.37,1.007583743417886,4.318370641804615,4.05,-0.65,8.67,27.19,1
44,1,forehand,first_serve,0.0,7.5,0.8800000000000026,1.42,26.87,2.198778069746923,5.106106638134382,,,,,1
44,2,backhand,return,1.0,7.91,1.0899999999999999,0.2900000000000009,25.43,2.658707392700445,5.450736188809727,7.5,0.8800000000000026,1.42,26.87,1
44,3,forehand,topspin,1.3999999999998636,9.18,1.5100000000000016,3.5500000000000007,25.64,3.9916318718038117,2.6839942250310442,7.91,1.0899999999999999,0.2900000000000009,25.43,1
44,4,forehand,topspin,1.1200000000001182,7.210000000000001,1.0899999999999999,7.640000000000001,26.28,2.040520766863205,3.300609792144476,9.18,1.5100000000000016,3.5500000000000007,25.64,1
44,5,backhand,stop,1.6799999999998363,2.7200000000000006,2.2300000000000004,7.48,25.61,3.552200022521254,2.707198736701832,7.210000000000001,1.0899999999999999,7.640000000000001,26.28,1
44,6,backhand,slice,2.119999999999891,5.590000000000001,6.859999999999999,5.24,16.25,6.86080352436943,7.533984669482678,2.7200000000000006,2.2300000000000004,7.48,25.61,1
44,7,backhand,volley,0.8400000000001455,4.04,7.27,5.08,14.98,7.412214581351513,8.809314672549732,5.590000000000001,6.859999999999999,5.24,16.25,1
44,8,backhand,smash,0.9200000000000728,4.260000000000001,6.350000000000001,3.920000000000001,15.32,6.4670800984679335,8.603535610433656,4.04,7.27,5.08,14.98,1
46,1,forehand,second_serve,0.0,5.95,-4.169999999999998,9.15,25.1,4.195846160192243,3.895462103525075,,,,,1
46,2,forehand,return,1.3599999999999,5.75,-5.09,9.440000000000001,24.17,5.096893661829722,3.9741823058334917,5.95,-4.169999999999998,9.15,25.1,1
46,3,backhand,topspin,1.3599999999999,4.33,-4.57,7.73,23.03,4.713695471707947,2.3669653567384548,5.75,-5.09,9.440000000000001,24.17,1
46,4,forehand,topspin,1.1200000000001182,5.0200000000000005,-3.669999999999998,8.97,23.0,3.699341157557652,3.571221779727493,4.33,-4.57,7.73,23.03,1
46,5,backhand,topspin,1.240000000000009,3.54,-3.289999999999999,7.870000000000001,23.28,3.8219268700486664,2.4368473485222673,5.0200000000000005,-3.669999999999998,8.97,23.0,1
46,6,forehand,topspin,1.0399999999999636,4.550000000000001,-3.16,8.0,22.85,3.2954248588004553,2.681440844023973,3.54,-3.289999999999999,7.870000000000001,23.28,1
46,7,forehand,topspin,1.199999999999818,8.06,-4.689999999999998,6.03,23.310000000000002,5.350394845242731,0.7196700632928945,4.550000000000001,-3.16,8.0,22.85,1
46,8,backhand,slice,1.1200000000001182,7.3100000000000005,-4.57,3.7600000000000007,23.52,4.9209272500210774,1.7444841644451805,8.06,-4.689999999999998,6.03,23.310000000000002,1
46,9,forehand,topspin,1.6400000000001,6.470000000000001,-1.9499999999999993,5.3100000000000005,25.130000000000003,2.1846567236067083,1.3612953390061995,7.3100000000000005,-4.57,3.7600000000000007,23.52,1
46,10,forehand,topspin,1.2399999999997817,5.920000000000001,-3.039999999999999,8.5,25.25,3.0709648321008163,3.3542696671555783,6.470000000000001,-1.9499999999999993,5.3100000000000005,25.130000000000003,1
46,11,backhand,topspin,1.400000000000091,3.74,-2.549999999999997,7.450000000000001,24.970000000000002,3.089906956527977,2.297242912710801,5.920000000000001,-3.039999999999999,8.5,25.25,1
46,12,backhand,slice,1.240000000000009,5.75,-2.789999999999999,2.860000000000001,25.060000000000002,2.8025568682900968,2.9204494517111574,3.74,-2.549999999999997,7.450000000000001,24.970000000000002,1
46,13,forehand,topspin,1.6400000000001,4.73,-0.8999999999999986,4.83,25.37,1.1747446531055152,1.7196293205223037,5.75,-2.789999999999999,2.860000000000001,25.060000000000002,1
46,14,forehand,topspin,1.1199999999998909,4.710000000000001,-2.4299999999999997,9.68,25.310000000000002,2.550593068288236,4.465302341387423,4.73,-0.8999999999999986,4.83,25.37,1
48,1,forehand,second_serve,0.0,8.43,-0.5499999999999972,2.17,25.490000000000002,2.995918056289256,3.7300569700743185,,,,,1
48,2,forehand,topspin,0.8000000000001819,7.930000000000001,-0.4399999999999977,3.960000000000001,24.330000000000002,2.484275548323897,1.6211492836873471,8.43,-0.5499999999999972,2.17,25.490000000000002,1
48,3,backhand,topspin,1.5599999999999454,5.36,0.6600000000000001,6.15,25.400000000000002,0.6717328337962944,1.7511781748297355,7.930000000000001,-0.4399999999999977,3.960000000000001,24.330000000000002,1
48,4,forehand,topspin,1.0799999999999272,5.6000000000000005,-0.7799999999999976,8.8,24.0,0.7884319881892137,3.3222921304424755,5.36,0.6600000000000001,6.15,25.400000000000002,1
49,1,forehand,first_serve,0.0,5.83,-3.539999999999999,9.27,25.03,3.556771710413812,3.986066356698041,,,,,1
49,2,forehand,topspin,0.8000000000001819,5.8100000000000005,-2.669999999999998,10.27,23.66,2.6897072331389507,4.786504465682655,5.83,-3.539999999999999,9.27,25.03,1
49,3,backhand,topspin,1.1599999999998545,4.640000000000001,-1.8299999999999983,8.92,23.450000000000003,2.015669863841793,3.4508151210982017,5.8100000000000005,-2.669999999999998,10.27,23.66,1
51,1,forehand,second_serve,0.0,6.970000000000001,-0.21999999999999886,2.6500000000000004,23.93,1.50120784703518,2.8389654805932385,,,,,1
51,2,forehand,return,0.8400000000001455,7.33,1.3000000000000007,3.6800000000000006,23.630000000000003,2.256994683201536,1.8112219632060558,6.970000000000001,-0.21999999999999886,2.6500000000000004,23.93,1
51,3,backhand,topspin,1.0,8.96,-0.21999999999999886,5.300000000000001,24.62,3.4819570646405165,0.8601308040059952,7.33,1.3000000000000007,3.6800000000000006,23.630000000000003,1
51,4,forehand,topspin,1.240000000000009,8.0,-0.5499999999999972,4.61,24.560000000000002,2.5744368316196837,1.172188124833212,8.96,-0.21999999999999886,5.300000000000001,24.62,1
51,5,forehand,topspin,1.2799999999999727,3.6400000000000006,-2.91,6.130000000000001,24.78,3.445595013927203,1.1899684869777016,8.0,-0.5499999999999972,4.61,24.560000000000002,1
51,6,backhand,topspin,1.6000000000001364,3.87,-1.8299999999999983,12.23,23.73,2.440722229177256,6.745185319915235,3.6400000000000006,-2.91,6.130000000000001,24.78,1
51,7,backhand,topspin,1.1199999999998909,5.4,1.4100000000000001,9.55,24.07,1.412559733250244,4.075331274878154,3.87,-1.8299999999999983,12.23,23.73,1
54,1,forehand,second_serve,0.0,5.390000000000001,-2.4299999999999997,9.92,23.490000000000002,2.431856286872232,4.444471284641177,,,,,1
54,2,backhand,return,0.8400000000001455,5.960000000000001,-0.21999999999999886,10.67,22.78,0.5234739726099092,5.280551581037723,5.390000000000001,-2.4299999999999997,9.92,23.490000000000002,1
54,3,backhand,topspin,1.0800000000001546,7.8100000000000005,-1.3599999999999994,9.43,22.67,2.6935524869584406,4.098185574129117,5.960000000000001,-0.21999999999999886,10.67,22.78,1
54,4,forehand,topspin,1.5199999999999818,7.44,-3.41,3.12,22.810000000000002,3.9306647020574017,2.5561934590323947,7.8100000000000005,-1.3599999999999994,9.43,22.67,1
54,5,forehand,topspin,1.1199999999998909,4.29,-5.219999999999999,3.95,23.380000000000003,5.3550373481424005,1.5862613277767315,7.44,-3.41,3.12,22.810000000000002,1
54,6,backhand,topspin,1.0799999999999272,3.79,-4.959999999999997,9.100000000000001,23.35,5.2416242711587,3.640484171095928,4.29,-5.219999999999999,3.95,23.380000000000003,1
54,7,backhand,topspin,1.4400000000000546,8.47,-3.289999999999999,7.390000000000001,24.91,4.442333283309572,2.2149322788744574,3.79,-4.959999999999997,9.100000000000001,23.35,1
54,8,forehand,topspin,1.199999999999818,8.41,-3.539999999999999,2.860000000000001,24.07,4.592082860750663,2.6409704655675337,8.47,-3.289999999999999,7.390000000000001,24.91,1
54,9,backhand,topspin,1.1600000000000819,8.790000000000001,-3.289999999999999,3.6900000000000004,24.84,4.663381284004129,2.0846162716432963,8.41,-3.539999999999999,2.860000000000001,24.07,1
54,10,forehand,topspin,1.240000000000009,8.05,-2.669999999999998,3.29,24.36,3.7024485141592436,2.2703358782347602,8.790000000000001,-3.289999999999999,3.6900000000000004,24.84,1
54,11,backhand,topspin,1.2799999999999727,11.280000000000001,-2.549999999999997,4.300000000000001,24.130000000000003,6.331234081914836,1.2356071382118186,8.05,-2.669999999999998,3.29,24.36,1
54,12,backhand,topspin,1.1200000000001182,10.870000000000001,-1.5899999999999999,7.44,24.23,5.614830807780409,2.006121880644344,11.280000000000001,-2.549999999999997,4.300000000000001,24.130000000000003,1
54,13,backhand,slice,1.3599999999999,7.76,-2.669999999999998,6.82,24.23,3.5077806373831284,1.4088026831320273,10.870000000000001,-1.5899999999999999,7.44,24.23,1
54,14,backhand,topspin,1.7999999999999545,5.430000000000001,-1.5899999999999999,9.96,20.26,1.5909509734746698,5.693507267054289,7.76,-2.669999999999998,6.82,24.23,1
54,15,backhand,topspin,1.1200000000001182,8.22,-3.039999999999999,8.92,21.05,4.089232813132556,4.387724353238248,5.430000000000001,-1.5899999999999999,9.96,20.26,1
54,16,forehand,topspin,1.1199999999998909,8.530000000000001,-2.789999999999999,3.29,22.53,4.129906173268347,2.5259701106703543,8.22,-3.039999999999999,8.92,21.05,1
56,1,forehand,second_serve,0.0,6.82,-0.4399999999999977,2.950000000000001,24.03,1.4056404234369464,2.547297587640674,,,,,1
56,2,backhand,topspin,0.7999999999999545,7.19,1.0899999999999999,5.460000000000001,23.69,2.0236415196373096,0.09340770846134674,6.82,-0.4399999999999977,2.950000000000001,24.03,1
56,3,forehand,topspin,1.0799999999999272,7.7700000000000005,-1.009999999999998,6.380000000000001,24.59,2.498264397536817,1.2071143276425802,7.19,1.0899999999999999,5.460000000000001,23.69,1
56,4,forehand,topspin,1.0800000000001546,7.450000000000001,-0.5499999999999972,4.11,25.28,2.0405207668632044,2.0348525745124633,7.7700000000000005,-1.009999999999998,6.380000000000001,24.59,1
57,1,forehand,first_serve,0.0,5.66,-0.10999999999999943,9.83,24.75,0.2067002660859434,4.451957434657254,,,,,1
57,2,forehand,return,0.7599999999999909,6.36,1.4100000000000001,8.05,23.59,1.6594351448610458,2.572027410429368,5.66,-0.10999999999999943,9.83,24.75,1
57,3,forehand,topspin,1.599999999999909,8.26,-0.5499999999999972,5.74,25.55,2.828979497981559,1.7882743078174552,6.36,1.4100000000000001,8.05,23.59,1
59,1,forehand,second_serve,0.0,6.04,-0.75,0.19,25.61,0.933019292405039,5.602314253948987,,,,,0
59,2,backhand,topspin,0.7999999999999545,5.98,0.68,-0.52,24.33,0.8410856080090778,6.0301347414464965,6.04,-0.75,0.19,25.61,0
59,3,forehand,topspin,1.0399999999999636,5.77,-0.68,1.03,24.0,0.7373092973779727,4.460428791046888,5.98,0.68,-0.52,24.33,0
59,4,forehand,topspin,1.2799999999999727,4.52,-1.62,5.96,26.69,1.8856364973133082,2.948512336755605,5.77,-0.68,1.03,24.0,0
59,5,backhand,topspin,1.4400000000000546,2.25,-0.39,5.81,27.19,3.258423698661671,3.425452524849819,4.52,-1.62,5.96,26.69,0
59,6,forehand,topspin,1.1199999999998909,2.9,-1.06,7.2,26.21,2.7938906564144563,2.9742436013211826,2.25,-0.39,5.81,27.19,0
59,7,backhand,topspin,1.3600000000001273,1.92,-0.58,5.9,25.26,3.6118727829202406,1.53708327685913,2.9,-1.06,7.2,26.21,0
59,8,forehand,topspin,1.1199999999998909,2.82,-0.97,7.48,25.97,2.836040373478488,2.962452531265267,1.92,-0.58,5.9,25.26,0
59,9,forehand,topspin,1.240000000000009,5.92,-1.71,5.4,25.02,1.764461674279155,1.2429098921482586,2.82,-0.97,7.48,25.97,0
59,10,backhand,slice,1.240000000000009,5.58,-1.19,0.53,25.49,1.1937859942217448,5.2417673546238195,5.92,-1.71,5.4,25.02,0
59,11,forehand,topspin,1.6000000000001364,2.98,0.09,2.8,25.49,2.5066162450602607,3.1832883940981525,5.58,-1.19,0.53,25.49,0
60,1,forehand,first_serve,0.0,4.35,-0.45,7.83,28.21,1.2209524970284478,5.012377180540187,,,,,1
60,2,backhand,slice,0.8399999999999181,4.51,0.61,5.02,26.69,1.150097821926466,2.946917881448345,4.35,-0.45,7.83,28.21,1
60,3,forehand,topspin,2.1200000000001182,0.63,1.18,5.43,27.19,4.99634116128993,3.4104435195440495,4.51,0.61,5.02,26.69,1
60,4,forehand,topspin,1.199999999999818,1.29,0.36,7.49,25.73,4.210418625267564,2.7968777234623605,0.63,1.18,5.43,27.19,1
60,5,forehand,topspin,1.2000000000000455,6.53,-1.28,5.85,24.56,1.6523997700314534,0.8611765208132394,1.29,0.36,7.49,25.73,1
60,6,forehand,topspin,1.400000000000091,6.28,-2.81,2.9,24.22,2.9202953617742162,2.622179437033248,6.53,-1.28,5.85,24.56,1
62,1,forehand,second_serve,0.0,6.12,-0.39,0.24,25.26,0.7452013150820386,5.449809629702674,,,,,1
62,2,backhand,return,0.8800000000001091,6.09,0.26,-0.31,24.79,0.6585020880756564,5.882357095586769,6.12,-0.39,0.24,25.26,1
62,3,forehand,topspin,1.1199999999998909,6.29,-0.62,1.37,24.56,1.0160831658875171,4.188272316839009,6.09,0.26,-0.31,24.79,1
62,4,forehand,topspin,1.2400000000002365,4.76,-1.25,6.02,26.33,1.4450346016618427,2.6055181826270153,6.29,-0.62,1.37,24.56,1
62,5,backhand,topspin,1.359999999000138,1.77,-0.84,6.38,26.33,3.808782613906969,2.7025034690079464,4.76,-1.25,6.02,26.33,1
62,6,forehand,topspin,1.4400000009995892,4.16,-2.33,4.26,24.45,2.6803964259041986,1.3962539167357773,1.77,-0.84,6.38,26.33,1
62,7,forehand,topspin,1.3600000000001273,6.38,-2.5,3.91,26.09,2.655376621121757,2.795840660695812,4.16,-2.33,4.26,24.45,1
62,8,backhand,topspin,1.4400000000000546,5.92,-2.01,0.24,25.97,2.056532275457888,5.683847728431858,6.38,-2.5,3.91,26.09,1
62,9,backhand,topspin,1.0799999999999272,3.71,-2.01,0.91,25.49,2.6815527218385995,4.884129912277109,5.92,-2.01,0.24,25.97,1
62,10,forehand,topspin,1.2800000000002,4.21,-1.92,6.16,26.33,2.3047830700523644,2.637825809260343,3.71,-2.01,0.91,25.49,1
62,11,backhand,topspin,1.4399999990000651,2.88,0.68,5.6,27.45,2.692289917523743,3.671801329048181,4.21,-1.92,6.16,26.33,1
63,1,forehand,first_serve,0.0,4.36,-0.35,7.8,27.95,1.1781871667948178,4.76949944962781,,,,,1
63,2,backhand,topspin,0.7999999990001925,4.48,0.54,5.51,27.19,1.140887812188385,3.4100916409973503,4.36,-0.35,7.8,27.95,1
63,3,forehand,topspin,1.760000000999753,3.62,1.56,4.31,26.94,2.4314244796003845,3.371383247274033,4.48,0.54,5.51,27.19,1
63,4,backhand,topspin,1.0799999999999272,4.1,0.29,0.93,27.32,1.4150353352478522,5.768849538686201,3.62,1.56,4.31,26.94,1
63,5,forehand,topspin,1.2800000000002,6.35,-0.78,2.27,26.09,1.1647424608041037,3.9588287409283063,4.1,0.29,0.93,27.32,1
63,6,forehand,topspin,1.2399999999997817,4.77,-1.13,6.8,26.33,1.3372079120316336,2.8690982904041444,6.35,-0.78,2.27,26.09,1
63,7,backhand,slice,1.5999999990003744,1.39,1.0,5.61,25.37,4.215332134007949,1.594905953340196,4.77,-1.13,6.8,26.33,1
63,8,forehand,topspin,1.4800000000000182,4.26,-0.84,1.42,24.0,1.4853366621746065,4.070948906581855,1.39,1.0,5.61,25.37,1
63,9,forehand,topspin,1.1200000009998803,8.21,-1.25,1.68,24.0,2.998020180052163,3.811354746018796,4.26,-0.84,1.42,24.0,1
63,10,forehand,topspin,1.2399999999997817,6.38,-2.27,5.03,25.26,2.440066597451799,1.548362037767654,8.21,-1.25,1.68,24.0,1
63,11,backhand,topspin,1.3600000000001273,2.76,-2.07,5.18,23.67,3.422064435395687,0.3242298567374699,6.38,-2.27,5.03,25.26,1
63,12,backhand,topspin,1.3199999990001743,4.72,-1.74,2.79,22.9,1.9007432756687581,2.835035273149173,2.76,-2.07,5.18,23.67,1
63,13,forehand,topspin,1.160000000999844,8.68,-1.89,2.53,21.85,3.712159075255261,3.529436923929935,4.72,-1.74,2.79,22.9,1
63,14,backhand,topspin,1.4800000000000182,6.77,-1.56,1.27,18.67,2.0210950002412056,6.624071633066779,8.68,-1.89,2.53,21.85,1
63,15,forehand,topspin,1.0399999999999636,7.37,-1.0,1.97,20.06,2.133828718524521,5.117970789287491,6.77,-1.56,1.27,18.67,1
63,16,forehand,slice,1.2799999990002107,5.07,-1.06,6.04,22.58,1.138343094150441,1.322128964965221,7.37,-1.0,1.97,20.06,1
63,17,forehand,topspin,2.160000000999844,2.34,0.71,5.53,25.02,3.224147174060142,1.2408162635942503,5.07,-1.06,6.04,22.58,1
63,18,forehand,topspin,1.0,2.0,0.12,8.14,25.73,3.4870653851053612,3.2941652963990737,2.34,0.71,5.53,25.02,1
63,19,backhand,topspin,1.359999999000138,1.84,0.09,6.99,26.21,3.6461109418118376,2.8583080659718956,2.0,0.12,8.14,25.73,1
63,20,forehand,topspin,1.0399999999999636,2.76,-0.15,5.72,25.26,2.7291253177529247,1.4985409570645711,1.84,0.09,6.99,26.21,1
63,21,forehand,topspin,1.160000000999844,5.48,-0.97,4.43,26.69,0.9700128865123391,3.095339238274216,2.76,-0.15,5.72,25.26,1
63,22,backhand,topspin,1.1199999999998909,5.45,-1.77,2.6,25.84,1.770346011377437,3.544971791143054,5.48,-0.97,4.43,26.69,1
64,1,forehand,first_serve,0.0,6.01,-0.39,-0.32,27.19,0.6540068806977488,6.732467972445172,,,,,1
64,2,backhand,topspin,0.9200000009996074,5.76,0.57,-2.15,25.37,0.6328704448779384,7.798802792736844,6.01,-0.39,-0.32,27.19,1
64,3,forehand,topspin,1.3200000000001637,8.71,1.18,-0.73,25.61,3.4340974068887453,6.478821266248977,5.76,0.57,-2.15,25.37,1
64,4,forehand,topspin,1.400000000000091,6.79,-0.45,4.95,27.07,1.3804075485160168,3.333215414580941,8.71,1.18,-0.73,25.61,1
65,1,forehand,first_serve,0.0,5.75,-1.0,1.77,25.14,1.034516795417068,3.956112359375047,,,,,0
65,2,forehand,return,0.7199999999997999,6.13,0.5,0.54,23.9,0.8161035473516822,4.94645580188482,5.75,-1.0,1.77,25.14,0
65,3,forehand,topspin,1.6400000000003274,7.94,0.68,2.56,25.02,2.5474349844500446,3.176983632315407,6.13,0.5,0.54,23.9,0
65,4,backhand,topspin,1.0399999999999636,7.79,1.98,8.6,25.97,3.038655130152153,3.8077979200582566,7.94,0.68,2.56,25.02,0
65,5,forehand,volley,0.9600000000000364,3.2,4.53,8.51,26.33,5.073669776404452,3.95640303811429,7.79,1.98,8.6,25.97,0
66,1,forehand,first_serve,0.0,4.12,-0.29,8.94,27.07,1.3954658720298396,4.770862081427212,,,,,1
66,2,backhand,return,0.8799999999996544,4.99,1.26,11.03,26.21,1.3537448060842192,6.054083332759799,4.12,-0.29,8.94,27.07,1
66,3,forehand,topspin,1.4400000000000546,6.13,3.91,8.04,25.73,3.962843045087706,3.2141134080800557,4.99,1.26,11.03,26.21,1
67,1,forehand,first_serve,0.0,5.46,-0.39,1.49,26.45,0.39080046059338264,4.805093651532714,,,,,1
67,2,backhand,return,0.7200000000002547,5.7,1.07,4.03,26.45,1.0913867325563382,3.040711265477206,5.46,-0.39,1.49,26.45,1
70,1,forehand,second_serve,0.0,4.03,-0.42,8.54,23.89,1.514405824077549,3.056979718611164,,,,,0
70,2,backhand,return,0.7600000000002183,4.91,1.07,8.69,24.45,1.2147118999993374,3.274282364121945,4.03,-0.42,8.54,23.89,0
70,3,forehand,topspin,1.5199999999999818,2.37,1.59,6.27,25.97,3.4973311253011206,2.3264404140231036,4.91,1.07,8.69,24.45,0
70,4,backhand,topspin,1.1599999999998545,3.72,0.86,9.57,27.57,1.9633708259012101,5.572371577703697,2.37,1.59,6.27,25.97,0
71,1,forehand,first_serve,0.0,5.67,-0.62,1.57,25.61,0.647012364642284,4.32158824970635,,,,,1
73,1,forehand,second_serve,0.0,4.08,-0.78,8.76,23.89,1.6069925326522214,3.2768468075270163,,,,,1
73,2,backhand,topspin,0.9600000000000364,4.52,0.97,9.82,22.37,1.3682561894616085,4.558544175501647,4.08,-0.78,8.76,23.89,1
73,3,forehand,topspin,0.8000000000001819,3.52,0.57,9.89,22.48,2.0460021994123077,4.592823205828851,4.52,0.97,9.82,22.37,1
75,1,forehand,second_serve,0.0,6.36,-0.65,0.43,26.94,1.090011467829582,5.961428100715466,,,,,1
75,2,backhand,return,0.9200000000000728,6.48,0.05,0.23,25.61,0.9962554893198834,5.564523789148537,6.36,-0.65,0.43,26.94,1
75,3,forehand,topspin,1.8800000000001091,4.15,0.71,4.18,27.19,1.512059853312692,3.651181315684008,6.48,0.05,0.23,25.61,1
75,4,forehand,topspin,1.0799999999999272,3.36,-0.22,8.93,29.41,2.136357882003856,6.60037309551513,4.15,0.71,4.18,27.19,1
77,1,forehand,second_serve,0.0,4.28,-0.87,7.75,27.45,1.4862452691261965,4.312670286493043,,,,,1
77,2,forehand,topspin,1.2799999999997453,4.17,-1.28,6.44,27.7,1.8351089885889615,4.0346530210167995,4.28,-0.87,7.75,27.45,1
77,3,forehand,topspin,1.4800000000000182,2.52,-1.59,5.09,26.21,3.3644204552938985,2.4618945956315836,4.17,-1.28,6.44,27.7,1
77,4,forehand,topspin,1.0799999999999272,2.62,-2.39,7.73,26.33,3.730995175553032,3.3974291751263905,2.52,-1.59,5.09,26.21,1
79,1,forehand,first_serve,0.0,4.42,-0.91,8.2,26.94,1.4008301110413073,4.16615230158476,,,,,1
79,2,backhand,return,0.8000000000001819,4.28,0.15,5.15,25.97,1.2143002099975113,2.2154739899172795,4.42,-0.91,8.2,26.94,1
79,3,forehand,topspin,1.6799999999998363,4.38,1.94,4.23,26.82,2.2326273759855226,3.288863785564856,4.28,0.15,5.15,25.97,1
79,4,backhand,topspin,1.0799999999999272,4.03,4.13,0.23,25.61,4.378804060471307,5.564523789148537,4.38,1.94,4.23,26.82,1
80,1,forehand,first_serve,0.0,7.24,0.7699999999999996,2.9700000000000006,26.05,1.9164876728014713,3.3879381635443107,,,,,1
80,2,backhand,return,0.7600000000002183,7.370000000000001,2.2300000000000004,4.960000000000001,24.94,2.9199529105792106,1.2732733406460688,7.24,0.7699999999999996,2.9700000000000006,26.05,1
81,1,forehand,first_serve,0.0,4.98,-0.21999999999999886,7.800000000000001,24.560000000000002,0.5508402672281679,2.442872284831936,,,,,0
81,2,forehand,return,0.7199999999997999,5.720000000000001,10.280000000000001,5.0600000000000005,23.59,10.282685690032542,0.4655373239601744,4.98,-0.21999999999999886,7.800000000000001,24.560000000000002,0
81,3,forehand,topspin,1.0399999999999636,8.4,11.13,4.0200000000000005,25.0,11.505395473428978,1.906469249686445,5.720000000000001,10.280000000000001,5.0600000000000005,23.59,0
81,4,backhand,topspin,1.4400000000000546,8.33,9.100000000000001,7.790000000000001,24.46,9.534360230240939,2.403211393115471,8.4,11.13,4.0200000000000005,25.0,0
81,5,backhand,topspin,1.2799999999997453,10.76,9.770000000000001,3.41,24.880000000000003,11.103086282651326,2.348536778506993,8.33,9.100000000000001,7.790000000000001,24.46,0
82,1,forehand,first_serve,0.0,7.09,-0.10999999999999943,2.6900000000000013,26.26,1.6087650543196164,3.7366328425468827,,,,,0
82,2,forehand,return,0.8399999999996908,7.8100000000000005,1.5100000000000016,2.450000000000001,25.310000000000002,2.772314015403018,3.3988417144668563,7.09,-0.10999999999999943,2.6900000000000013,26.26,0
82,3,forehand,topspin,1.2400000000002365,7.0600000000000005,1.7200000000000024,4.5,25.79,2.3321717346713577,2.238375527028473,7.8100000000000005,1.5100000000000016,2.450000000000001,25.310000000000002,0
82,4,backhand,topspin,1.400000000000091,5.94,-0.3299999999999983,9.48,25.03,0.562072059437221,4.185991519341624,7.0600000000000005,1.7200000000000024,4.5,25.79,0
82,5,forehand,topspin,1.319999999999709,2.5600000000000005,-2.789999999999999,8.25,24.94,4.042242570653077,2.998470443409439,5.94,-0.3299999999999983,9.48,25.03,0
82,6,backhand,topspin,1.2400000000002365,4.12,-3.289999999999999,8.43,24.59,3.561927146924821,3.0543616354321887,2.5600000000000005,-2.789999999999999,8.25,24.94,0
82,7,backhand,topspin,1.319999999999709,7.050000000000001,-3.039999999999999,6.33,25.310000000000002,3.4191848443744597,1.7478343743043856,4.12,-3.289999999999999,8.43,24.59,0
82,8,forehand,topspin,1.2799999999997453,8.24,-2.549999999999997,3.8900000000000006,25.1,3.7540011987211703,2.070368324719058,7.050000000000001,-3.039999999999999,6.33,25.310000000000002,0
82,9,forehand,topspin,1.2800000000002,5.550000000000001,-3.41,5.95,25.310000000000002,3.4106194452034666,1.5991013101114022,8.24,-2.549999999999997,3.8900000000000006,25.1,0
82,10,backhand,topspin,1.400000000000091,4.7700000000000005,-4.299999999999997,9.200000000000001,24.130000000000003,4.359039458412825,3.731450790242316,5.550000000000001,-3.41,5.95,25.310000000000002,0
82,11,forehand,topspin,1.2000000000002728,2.75,-3.789999999999999,7.950000000000001,24.970000000000002,4.673791287595114,2.737211171977786,4.7700000000000005,-4.299999999999997,9.200000000000001,24.130000000000003,0
82,12,backhand,topspin,1.2399999999997817,4.090000000000001,-4.43,9.49,24.400000000000002,4.644450990160193,4.052705886195049,2.75,-3.789999999999999,7.950000000000001,24.970000000000002,0
82,13,forehand,topspin,1.1199999999998909,2.49,-4.169999999999998,8.72,24.330000000000002,5.1340943699936,3.28142118601072,4.090000000000001,-4.43,9.49,24.400000000000002,0
82,14,forehand,topspin,1.2800000000002,4.75,-3.789999999999999,3.83,25.060000000000002,3.8606119981163602,2.0922296719050717,2.49,-4.169999999999998,8.72,24.330000000000002,0
82,15,backhand,topspin,1.9200000000000728,10.110000000000001,-0.21999999999999886,4.82,25.67,4.63022947595473,2.00357804939064,4.75,-3.789999999999999,3.83,25.060000000000002,0
82,16,backhand,topspin,1.0799999999999272,9.83,-0.21999999999999886,9.09,25.28,4.350566055124322,3.9046158581863075,10.110000000000001,-0.21999999999999886,4.82,25.67,0
82,17,backhand,volley,1.0,7.880000000000001,2.1300000000000026,7.84,24.720000000000002,3.2051404025408954,2.5356705227611886,9.83,-0.21999999999999886,9.09,25.28,0
82,18,backhand,topspin,1.4400000000000546,7.130000000000001,4.470000000000002,9.190000000000001,17.64,4.7630793610856434,7.171235946473941,7.880000000000001,2.1300000000000026,7.84,24.720000000000002,0
82,19,forehand,volley,0.40000000000009095,6.550000000000001,3.8100000000000023,9.190000000000001,18.130000000000003,3.95604916551855,6.7564432211038365,7.130000000000001,4.470000000000002,9.190000000000001,17.64,0
84,1,forehand,second_serve,0.0,4.800000000000001,-0.7799999999999976,9.690000000000001,24.3,1.0380871832365506,4.237030209946585,,,,,1
84,2,backhand,topspin,0.9200000000000728,5.420000000000001,0.9800000000000004,9.36,23.28,0.9821532466982944,3.9071249020219447,4.800000000000001,-0.7799999999999976,9.690000000000001,24.3,1
84,3,forehand,topspin,1.0799999999999272,4.86,-0.7799999999999976,7.430000000000001,24.94,0.999512381113909,2.2646467715738807,5.420000000000001,0.9800000000000004,9.36,23.28,1
86,1,forehand,second_serve,0.0,7.26,-0.21999999999999886,3.0300000000000002,24.69,1.7885818404534912,2.6182293635203164,,,,,1
86,2,forehand,return,0.8800000000001091,7.41,1.8200000000000003,3.380000000000001,24.23,2.6491555258232764,2.1525624265047454,7.26,-0.21999999999999886,3.0300000000000002,24.69,1
86,3,backhand,topspin,1.199999999999818,8.32,1.4100000000000001,5.380000000000001,25.28,3.1662793622799614,1.503670509120931,7.41,1.8200000000000003,3.380000000000001,24.23,1
86,4,backhand,topspin,1.3600000000001273,5.53,-2.789999999999999,9.030000000000001,24.810000000000002,2.790362879626948,3.69160195579101,8.32,1.4100000000000001,5.380000000000001,25.28,1
86,5,forehand,topspin,1.1599999999998545,1.8600000000000012,-4.169999999999998,7.8100000000000005,25.03,5.525352929904114,2.639720629157563,5.53,-2.789999999999999,9.030000000000001,24.810000000000002,1
86,6,backhand,topspin,1.2800000000002,3.2800000000000002,-4.43,9.01,23.900000000000002,4.948426517591223,3.5270419617577558,1.8600000000000012,-4.169999999999998,7.8100000000000005,25.03,1
86,7,forehand,topspin,1.3200000000001637,6.8100000000000005,-2.789999999999999,6.430000000000001,25.76,3.0886445247065897,2.1939519137848036,3.2800000000000002,-4.43,9.01,23.900000000000002,1
87,1,forehand,first_serve,0.0,4.960000000000001,-0.8999999999999986,9.870000000000001,24.69,1.0419332992087338,4.478428853962068,,,,,1
87,2,backhand,return,0.8800000000001091,5.5,0.9800000000000004,12.76,22.07,0.9801147891956333,7.473267357722457,4.960000000000001,-0.8999999999999986,9.870000000000001,24.69,1
89,1,forehand,second_serve,0.0,8.23,-0.3299999999999983,1.5500000000000007,26.82,2.764764908631473,4.9725069130168125,,,,,1
89,2,forehand,return,0.9200000000000728,7.790000000000001,0.10999999999999943,2.7699999999999996,26.0,2.3076232361457976,3.507082120509869,8.23,-0.3299999999999983,1.5500000000000007,26.82,1
91,1,forehand,first_serve,0.0,4.7,-2.0599999999999987,8.57,24.84,2.2045010773415363,3.262027743597531,,,,,0
91,2,forehand,return,0.8400000000001455,4.630000000000001,-1.2399999999999984,9.780000000000001,22.490000000000002,1.5061955384345007,4.484542897553775,4.7,-2.0599999999999987,8.57,24.84,0
91,3,backhand,topspin,1.3600000000001273,2.99,-0.5499999999999972,7.8500000000000005,23.240000000000002,2.5549021507682044,2.4258658248138953,4.630000000000001,-1.2399999999999984,9.780000000000001,22.490000000000002,0
91,4,backhand,topspin,1.2399999999997817,5.640000000000001,-3.039999999999999,5.210000000000001,22.560000000000002,3.0439489154714794,1.2506098512325885,2.99,-0.5499999999999972,7.8500000000000005,23.240000000000002,0
91,5,backhand,topspin,1.3599999999996726,5.640000000000001,-3.16,5.82,24.03,3.163799140274237,0.41800119617053727,5.640000000000001,-3.039999999999999,5.210000000000001,22.560000000000002,0
92,1,forehand,first_serve,0.0,8.01,0.23000000000000043,1.6600000000000001,27.03,2.535453608331258,5.01927534610326,,,,,1
92,2,forehand,return,0.7600000000002183,7.6000000000000005,1.9299999999999997,4.75,25.91,2.863236804736905,2.2532476561620998,8.01,0.23000000000000043,1.6600000000000001,27.03,1
93,1,forehand,first_serve,0.0,5.300000000000001,-3.669999999999998,8.89,25.060000000000002,3.6746598482036386,3.6376400316688846,,,,,1
93,2,backhand,return,0.8799999999996544,5.32,-2.4299999999999997,6.210000000000001,24.17,2.4355954097509707,0.823240548078143,5.300000000000001,-3.669999999999998,8.89,25.060000000000002,1
93,3,forehand,topspin,1.3600000000001273,5.32,-3.539999999999999,5.8100000000000005,23.66,3.543843252741294,0.3464462440264007,5.32,-2.4299999999999997,6.210000000000001,24.17,1
93,4,forehand,topspin,1.1199999999998909,3.91,-6.309999999999999,9.05,23.07,6.503593237587971,3.6350137551321597,5.32,-3.539999999999999,5.8100000000000005,23.66,1
93,5,forehand,slice,1.2000000000002728,6.800000000000001,-6.59,8.600000000000001,23.42,6.719920014404933,3.1357335664880726,3.91,-6.309999999999999,9.05,23.07,1
93,6,forehand,topspin,2.480000000000018,7.220000000000001,-5.489999999999998,5.970000000000001,20.68,5.757631891672129,3.1377101523244635,6.800000000000001,-6.59,8.600000000000001,23.42,1
94,1,forehand,first_serve,0.0,8.49,-0.21999999999999886,1.92,26.23,3.0130424822760133,4.325705144828991,,,,,1
96,1,forehand,second_serve,0.0,5.57,-0.52,1.46,24.45,0.5269013190342192,4.08038294771459,,,,,0
96,2,backhand,return,0.8399999999996908,5.96,0.78,3.22,25.37,0.9132496920338926,2.7673678830253126,5.57,-0.52,1.46,24.45,0
96,3,backhand,topspin,0.9600000000000364,6.91,0.33,3.76,24.0,1.4627115231651113,1.7389723977107863,5.96,0.78,3.22,25.37,0
96,4,backhand,topspin,1.4400000000000546,4.88,-1.86,6.22,24.45,1.9559204994068653,0.9945476358626553,6.91,0.33,3.76,24.0,0
96,5,forehand,topspin,1.1599999999998545,2.73,-1.71,5.89,25.97,3.2425491515164424,2.2271338082836403,4.88,-1.86,6.22,24.45,0
96,6,backhand,topspin,1.2400000000002365,3.74,-1.8,7.77,26.21,2.5069952133979037,3.3355846563983342,2.73,-1.71,5.89,25.97,0
96,7,forehand,topspin,1.199999999999818,2.69,-0.84,6.77,26.82,2.9184970447132548,3.300428002547547,3.74,-1.8,7.77,26.21,0
96,8,forehand,topspin,1.2400000000002365,4.54,-0.97,4.93,27.45,1.354224870544032,3.711728034218023,2.69,-0.84,6.77,26.82,0
96,9,backhand,topspin,1.0399999999999636,5.84,-0.97,4.91,27.45,1.0329206165044822,3.7147711908003145,4.54,-0.97,4.93,27.45,0
96,10,forehand,topspin,1.5199999999999818,5.91,-2.33,1.81,25.73,2.3684435817641933,4.160303474507599,5.84,-0.97,4.91,27.45,0
96,11,backhand,slice,1.5599999999994907,9.45,-0.42,2.95,25.97,3.9871825892476997,3.349973880495188,5.91,-2.33,1.81,25.73,0
96,12,backhand,topspin,1.6400000000003274,6.12,-0.49,6.17,24.0,0.8020754328615232,0.7194616042569603,9.45,-0.42,2.95,25.97,0
96,13,backhand,slice,1.0799999999999272,7.12,-0.84,4.98,26.09,1.8381580454357018,2.364555983689114,6.12,-0.49,6.17,24.0,0
96,14,forehand,topspin,1.400000000000091,6.02,-1.92,3.61,23.12,1.99314450053176,1.9877688497408348,7.12,-0.84,4.98,26.09,0
96,15,backhand,topspin,1.2400000000002365,8.9,-0.78,3.62,25.37,3.502945189408478,2.4507804879262443,6.02,-1.92,3.61,23.12,0
97,1,forehand,first_serve,0.0,4.03,-0.94,8.74,26.33,1.732231220132001,4.134915355844662,,,,,0
97,2,backhand,return,0.7999999999997272,4.94,0.75,9.68,25.37,0.9271057113404059,4.486214997077157,4.03,-0.94,8.74,26.33,0
97,3,forehand,topspin,1.2000000000002728,3.9,-0.91,7.74,25.49,1.8276556021307737,2.8300397523709786,4.94,0.75,9.68,25.37,0
97,4,forehand,slice,1.400000000000091,5.65,-0.81,1.14,26.82,0.8266347440072914,5.302888363901318,3.9,-0.91,7.74,25.49,0
97,5,forehand,topspin,1.9600000000000364,9.4,-1.13,2.72,27.32,4.074815946763731,4.491862086039596,5.65,-0.81,1.14,26.82,0
99,1,forehand,first_serve,0.0,3.96,-0.84,8.91,26.33,1.7410413550516257,4.270026346522933,,,,,0
99,2,backhand,return,0.8799999999996544,4.67,0.75,9.52,25.14,1.107576182481368,4.2580306480813395,3.96,-0.84,8.91,26.33,0
99,3,backhand,topspin,1.2400000000002365,7.23,-1.0,6.9,24.56,2.011224751239901,1.6157428632056514,4.67,0.75,9.52,25.14,0
103,1,forehand,second_serve,0.0,6.29,-0.71,0.71,24.68,1.0733708585572832,4.859076558359623,,,,,0
103,2,backhand,return,0.8799999999996544,6.22,-0.02,-0.29,24.22,0.7352720584926365,5.791737649445112,6.29,-0.71,0.71,24.68,0
103,3,forehand,topspin,1.3600000000001273,10.16,-0.19,-0.47,24.79,4.678859369547241,6.040043460108545,6.22,-0.02,-0.29,24.22,0
104,1,forehand,first_serve,0.0,4.29,-1.1,7.9,28.35,1.624199802979917,5.168861093122933,,,,,1
104,2,forehand,return,0.8400000000001455,4.19,0.26,10.11,28.08,1.320842534142507,6.315110846216396,4.29,-1.1,7.9,28.35,1
104,3,forehand,topspin,1.6799999999998363,4.03,1.59,6.54,27.07,2.155255205306323,3.4550144717497195,4.19,0.26,10.11,28.08,1
104,4,backhand,topspin,1.3600000000001273,3.81,4.71,-1.22,26.82,4.998972394402673,7.3619715430039525,4.03,1.59,6.54,27.07,1
105,1,forehand,first_serve,0.0,6.17,-0.94,-0.02,26.69,1.1631100549819005,6.226806966656346,,,,,0
105,2,backhand,return,0.8800000000001091,6.19,0.09,-1.38,25.49,0.7107214644289281,7.074766780608389,6.17,-0.94,-0.02,26.69,0
105,3,backhand,topspin,1.3200000000001637,5.66,-1.98,1.27,25.14,1.987718541443934,4.4289756151959105,6.19,0.09,-1.38,25.49,0
108,1,forehand,second_serve,0.0,4.19,-0.65,7.33,24.11,1.4489737747799303,1.8742798617068899,,,,,1
108,2,backhand,return,0.7600000000002183,4.35,0.26,5.6,23.23,1.1643989866021018,0.5618941181397084,4.19,-0.65,7.33,24.11,1
108,3,backhand,topspin,1.199999999999818,4.32,-0.71,4.55,23.23,1.3643038517866906,1.0847695607823817,4.35,0.26,5.6,23.23,1
108,4,backhand,topspin,1.400000000000091,5.66,-1.25,0.45,23.67,1.2621905561364337,5.036201445534124,4.32,-0.71,4.55,23.23,1
108,5,forehand,topspin,1.3600000000001273,7.86,-0.62,1.11,25.37,2.454592634226706,4.654967776472787,5.66,-1.25,0.45,23.67,1
108,6,forehand,slice,1.2399999999997817,6.2,-0.65,7.15,28.08,0.9662944685757028,4.611098025416504,7.86,-0.62,1.11,25.37,1
108,7,forehand,topspin,1.9600000000000364,1.89,3.99,6.51,27.83,5.370672676676545,4.177693741767098,6.2,-0.65,7.15,28.08,1
109,1,forehand,first_serve,0.0,6.1,-0.45,0.19,26.69,0.7620531477528317,6.041947119927483,,,,,1
109,2,backhand,return,0.9200000000000728,6.08,0.61,-2.19,25.97,0.8521296849658505,7.981336041039746,6.1,-0.45,0.19,26.69,1
109,3,forehand,topspin,1.3200000000001637,7.15,0.09,-0.49,25.49,1.6674306582284015,6.214879323044012,6.08,0.61,-2.19,25.97,1
109,4,backhand,slice,1.400000000000091,5.49,-0.35,2.64,25.84,0.3500357124637427,3.512495551598606,7.15,0.09,-0.49,25.49,1
109,5,forehand,topspin,1.7599999999997635,1.54,0.89,5.45,26.33,4.044147005241031,2.5502401847669143,5.49,-0.35,2.64,25.84,1
109,6,forehand,topspin,1.2800000000002,2.44,-0.49,8.32,26.82,3.084173309008429,4.1567806052280405,1.54,0.89,5.45,26.33,1
109,7,backhand,topspin,1.2799999999997453,1.94,-0.52,6.65,25.37,3.582935249205601,1.971122776490597,2.44,-0.49,8.32,26.82,1
109,8,backhand,topspin,1.2400000000002365,4.12,-1.41,3.02,25.37,1.96247929925388,2.933312973414191,1.94,-0.52,6.65,25.37,1
109,9,forehand,topspin,1.400000000000091,5.8,-0.87,3.58,25.97,0.925270230797468,2.902606587190209,4.12,-1.41,3.02,25.37,1
109,10,backhand,topspin,1.1599999999998545,5.58,-1.38,0.88,25.84,1.3832660626213598,5.044762135125897,5.8,-0.87,3.58,25.97,1
109,11,forehand,topspin,1.400000000000091,4.81,-1.65,2.62,25.73,1.7827296486007072,3.46564928981569,5.58,-1.38,0.88,25.84,1
109,12,forehand,topspin,1.4400000000000546,3.82,-1.47,7.95,26.57,2.2210639342441274,3.7229457422852668,4.81,-1.65,2.62,25.73,1
109,13,forehand,topspin,1.6800000000007458,1.22,0.68,6.28,26.94,4.318868486073638,3.258469732865414,3.82,-1.47,7.95,26.57,1
109,14,backhand,topspin,1.1999999999989086,2.44,0.26,2.44,27.19,3.056080005497239,4.57166545145202,1.22,0.68,6.28,26.94,1
110,1,forehand,first_serve,0.0,4.2,-0.97,7.8,28.47,1.6100077639564352,5.230231830425873,,,,,0
110,2,backhand,return,0.8000000000001819,4.22,-0.05,5.21,27.45,1.2659877566548585,3.6802887115007685,4.2,-0.97,7.8,28.47,0
110,3,forehand,topspin,1.5599999999999454,5.65,-1.28,4.02,27.57,1.2905909499140307,4.063289923202625,4.22,-0.05,5.21,27.45,0
110,4,backhand,topspin,1.3599999999996726,5.71,-1.59,0.22,27.32,1.6058409012103285,6.344432598743563,5.65,-1.28,4.02,27.57,0
110,5,forehand,topspin,1.1600000000003092,8.17,-1.06,-0.52,28.47,2.886663298689336,7.619457001650445,5.71,-1.59,0.22,27.32,0
110,6,forehand,topspin,1.5199999999999818,5.05,-1.59,5.95,28.74,1.6484310722623499,4.9817491907963385,8.17,-1.06,-0.52,28.47,0
110,7,backhand,topspin,1.319999999999709,3.2,-1.16,6.63,27.32,2.562581706014464,3.7205678330061382,5.05,-1.59,5.95,28.74,0
110,8,backhand,slice,1.400000000000091,4.67,-0.91,1.05,27.7,1.2216075474554013,5.9190898793649005,3.2,-1.16,6.63,27.32,0
110,9,backhand,topspin,1.680000000000291,3.32,-0.55,3.46,27.7,2.2337692360671464,4.412145169869186,4.67,-0.91,1.05,27.7,0
110,10,forehand,topspin,1.319999999999709,3.98,-1.53,7.69,28.47,2.1461418872013103,5.182482513236295,3.32,-0.55,3.46,27.7,0
110,11,backhand,topspin,1.3600000000010368,0.86,-0.19,8.4,27.95,4.628901057486539,5.087840897669658,3.98,-1.53,7.69,28.47,0
111,1,forehand,first_serve,0.0,6.36,-0.29,0.49,27.7,0.9218052939748176,6.349521635524994,,,,,1
111,2,backhand,return,0.839999999999236,6.3,0.36,-0.77,26.57,0.8909685740810386,6.849023653047199,6.36,-0.29,0.49,27.7,1
111,3,forehand,topspin,1.6799999999998363,5.72,-1.13,3.37,26.94,1.1541771961011877,3.8024761669207083,6.3,0.36,-0.77,26.57,1
111,4,forehand,topspin,1.1199999999998909,4.66,-1.44,8.91,28.74,1.6595857916962293,6.027621836180499,5.72,-1.13,3.37,26.94,1
111,5,forehand,topspin,2.1600000000003092,0.54,2.05,8.18,28.35,5.353085558815589,5.305461808363152,4.66,-1.44,8.91,28.74,1
111,6,backhand,slice,1.0399999999999636,1.68,0.29,3.71,28.74,3.8160352461684632,5.268038059847326,0.54,2.05,8.18,28.35,1
111,7,forehand,topspin,2.7199999999998,7.52,5.6,3.53,28.08,5.95829044273607,4.723560627323415,1.68,0.29,3.71,28.74,1
112,1,forehand,first_serve,0.0,4.44,-0.68,8.01,28.35,1.2467658160215975,5.221161269296324,,,,,0
112,2,backhand,return,0.8000000000001819,4.63,0.22,5.6,27.07,0.8828504969699007,3.2920092648715307,4.44,-0.68,8.01,28.35,0
112,3,forehand,topspin,2.400000000000091,6.56,0.89,3.92,26.57,1.3956091859829522,3.198956861228359,4.63,0.22,5.6,27.07,0
112,4,backhand,topspin,1.2799999999997453,6.07,-0.87,0.24,25.49,1.048391625300393,5.516713242502278,6.56,0.89,3.92,26.57,0
112,5,forehand,topspin,1.2400000000002365,6.73,-1.0,1.31,26.57,1.5968797700515842,5.021426590123568,6.07,-0.87,0.24,25.49,0
112,6,backhand,slice,1.2000000000007276,5.52,-1.1,1.51,24.91,1.10055667732289,4.132496218994036,6.73,-1.0,1.31,26.57,0
112,7,forehand,topspin,1.9199999999991633,1.36,-0.94,4.85,26.94,4.2307475698746195,3.2231700234396574,5.52,-1.1,1.51,24.91,0
112,8,forehand,topspin,1.199999999999818,2.19,-1.35,9.23,26.33,3.5608320656835253,4.530731177194249,1.36,-0.94,4.85,26.94,0
114,1,forehand,second_serve,0.0,6.06,-0.15,0.39,25.02,0.594243216200235,5.243722437353068,,,,,1
114,2,backhand,return,0.8800000000001091,6.26,0.54,-0.52,24.11,0.9445766247372412,6.01406060827458,6.06,-0.15,0.39,25.02,1
114,3,forehand,topspin,1.1599999999998545,8.05,-0.15,1.07,24.22,2.569382221468811,4.436871082192945,6.26,0.54,-0.52,24.11,1
114,4,forehand,topspin,1.4400000000000546,5.18,-0.87,7.15,27.32,0.9219137703711776,3.912010352747037,8.05,-0.15,1.07,24.22,1
114,5,backhand,topspin,1.400000000000091,2.36,0.86,7.19,27.45,3.2411764839329567,4.046717805827334,5.18,-0.87,7.15,27.32,1
114,6,forehand,topspin,1.1599999999998545,3.07,-0.12,6.84,25.49,2.4179795284493215,2.181771069567105,2.36,0.86,7.19,27.45,1
114,7,forehand,topspin,1.2800000000002,3.01,-0.84,5.72,26.09,2.6136612251781988,2.321922694664918,3.07,-0.12,6.84,25.49,1
114,8,forehand,topspin,1.5599999999999454,3.34,-2.07,8.28,25.61,2.9809268692807613,3.340797060582996,3.01,-0.84,5.72,26.09,1
115,1,forehand,first_serve,0.0,4.15,-0.62,7.42,26.45,1.4719459908570014,3.2974421905470894,,,,,1
115,2,backhand,return,0.8399999999996908,4.13,0.15,5.26,25.97,1.3632773012120465,2.201527878542534,4.15,-0.62,7.42,26.45,1
115,3,forehand,topspin,1.680000000000291,8.08,0.89,3.2,25.97,2.743378391691529,3.165015797748882,4.13,0.15,5.26,25.97,1
115,4,backhand,slice,1.400000000000091,5.98,0.12,0.16,24.79,0.5093378053904895,5.419937730269601,8.08,0.89,3.2,25.97,1
115,5,backhand,topspin,1.919999999999618,2.46,-0.12,3.88,24.79,3.0273792296308044,1.896345169002731,5.98,0.12,0.16,24.79,1
115,6,backhand,topspin,1.2400000000002365,4.5,-1.16,1.38,25.26,1.5217834931421752,4.363648129718986,2.46,-0.12,3.88,24.79,1
115,7,backhand,topspin,1.1199999999998909,3.02,-0.87,2.64,25.37,2.6140246747113927,3.259160167896018,4.5,-1.16,1.38,25.26,1
115,8,forehand,topspin,1.1599999999998545,3.95,-1.8299999999999983,7.640000000000001,25.55,2.38854034925098,2.78871386126293,3.02,-0.87,2.64,25.37,1
115,9,backhand,topspin,1.5200000000004366,0.63,0.47,6.77,26.09,4.877696690037215,2.6433548759105334,3.95,-1.8299999999999983,7.640000000000001,25.55,1
115,10,backhand,slice,1.0,1.75,0.61,3.19,25.61,3.7844847733872577,2.935289593890183,0.63,0.47,6.77,26.09,1
117,1,forehand,second_serve,0.0,7.050000000000001,0.010000000000001563,3.0100000000000007,24.59,1.565031948555684,2.604174533321451,,,,,1
117,2,forehand,return,0.8000000000001819,7.61,1.6099999999999994,3.04,24.07,2.666031695235448,2.4621382983090125,7.050000000000001,0.010000000000001563,3.0100000000000007,24.59,1
117,3,backhand,topspin,1.0399999999999636,9.21,0.5500000000000007,4.57,24.720000000000002,3.765385106466536,1.3118021954547883,7.61,1.6099999999999994,3.04,24.07,1
117,4,forehand,topspin,1.2399999999997817,8.940000000000001,0.010000000000001563,1.7800000000000011,25.1,3.4550144717497213,3.933118991334993,9.21,0.5500000000000007,4.57,24.720000000000002,1
117,5,forehand,topspin,1.199999999999818,7.19,0.10999999999999943,4.430000000000001,24.130000000000003,1.7085447023709974,1.1115417221139297,8.940000000000001,0.010000000000001563,1.7800000000000011,25.1,1
117,6,backhand,topspin,1.1599999999998545,4.050000000000001,2.1300000000000026,8.290000000000001,24.330000000000002,2.5682922341509364,2.8584130212409833,7.19,0.10999999999999943,4.430000000000001,24.130000000000003,1
117,7,forehand,stop,1.1599999990003198,2.110000000000001,2.6400000000000006,8.34,24.130000000000003,4.284883312296847,2.8763735849155614,4.050000000000001,2.1300000000000026,8.290000000000001,24.330000000000002,1
120,1,forehand,first_serve,0.0,7.15,0.7699999999999996,2.9400000000000013,25.55,1.8344277036721832,3.0999879032022033,,,,,0
120,2,forehand,return,0.8400000000001455,7.33,2.4400000000000013,2.120000000000001,24.3,3.0590235370130787,3.4049412623421267,7.15,0.7699999999999996,2.9400000000000013,25.55,0
120,3,backhand,topspin,1.0399999999999636,9.18,1.8200000000000003,3.5300000000000002,24.880000000000003,4.118910656957735,2.2432175552094815,7.33,2.4400000000000013,2.120000000000001,24.3,0
120,4,backhand,slice,1.5200000000004366,7.380000000000001,-0.3299999999999983,8.14,23.86,1.9235189107466557,2.6562049996188173,9.18,1.8200000000000003,3.5300000000000002,24.880000000000003,0
120,5,forehand,topspin,1.6799999999993815,10.42,-0.5499999999999972,5.920000000000001,25.46,4.965553846249177,1.7354034113139225,7.380000000000001,-0.3299999999999983,8.14,23.86,0
120,6,backhand,topspin,1.2399999999997817,9.06,-0.21999999999999886,6.78,25.37,3.581762834136286,2.050640143955053,10.42,-0.5499999999999972,5.920000000000001,25.46,0
120,7,forehand,topspin,1.239999999000247,4.23,-1.3599999999999994,6.58,25.43,1.8505742352037646,1.980284070531295,9.06,-0.21999999999999886,6.78,25.37,0
120,8,backhand,topspin,1.4800000010000076,4.1000000000000005,-1.7099999999999973,9.790000000000001,23.59,2.2005283456479243,4.309190759295764,4.23,-1.3599999999999994,6.58,25.43,0
120,9,backhand,slice,1.1599999999998545,7.73,-1.9499999999999993,8.16,24.17,2.9736383438474823,2.703280414607408,4.1000000000000005,-1.7099999999999973,9.790000000000001,23.59,0
120,10,forehand,topspin,2.0,7.380000000000001,-2.91,5.0,23.42,3.4726250877398215,0.6040074502851764,7.73,-1.9499999999999993,8.16,24.17,0
120,11,backhand,topspin,1.5600000000004002,12.21,-1.3599999999999994,4.99,24.330000000000002,6.861138753880438,0.7399493225890547,7.380000000000001,-2.91,5.0,23.42,0
120,12,forehand,topspin,1.199999999999818,12.68,-1.009999999999998,2.16,23.830000000000002,7.26554368234064,3.325375918599279,12.21,-1.3599999999999994,4.99,24.330000000000002,0
120,13,forehand,slice,1.4799999990000288,5.58,-4.169999999999998,4.510000000000001,23.59,4.171081993919562,0.9933403243601862,12.68,-1.009999999999998,2.16,23.830000000000002,0
120,14,forehand,topspin,2.320000001000153,5.420000000000001,-3.919999999999998,8.23,23.52,3.920538866023392,2.7572858031042053,5.58,-4.169999999999998,4.510000000000001,23.59,0
122,1,forehand,first_serve,0.0,5.07,-0.21999999999999886,9.850000000000001,24.62,0.4697073557013979,4.445089987840517,,,,,0
122,2,forehand,return,0.7600000000002183,5.79,1.4100000000000001,7.220000000000001,24.1,1.442610481037761,1.7642633023446361,5.07,-0.21999999999999886,9.850000000000001,24.62,0
122,3,forehand,topspin,1.7200000000002547,4.8100000000000005,-1.4800000000000004,6.29,25.28,1.6266606898797307,1.7023586578626726,5.79,1.4100000000000001,7.220000000000001,24.1,0
122,4,backhand,topspin,1.2799999999997453,4.82,-1.9499999999999993,9.14,23.970000000000002,2.0602730401575413,3.6599351087143615,4.8100000000000005,-1.4800000000000004,6.29,25.28,0
122,5,backhand,topspin,1.2399999999997817,7.48,-2.0599999999999987,7.3100000000000005,23.86,2.8676863496554144,1.8267525831376292,4.82,-1.9499999999999993,9.14,23.970000000000002,0
122,6,backhand,topspin,1.3199999990001743,6.800000000000001,-2.4299999999999997,6.800000000000001,23.21,2.762992037628773,1.4332218948927626,7.48,-2.0599999999999987,7.3100000000000005,23.86,0
122,7,backhand,topspin,1.2800000010001895,7.9,-3.039999999999999,5.79,23.630000000000003,3.8825024146805105,0.3398896879871459,6.800000000000001,-2.4299999999999997,6.800000000000001,23.21,0
122,8,forehand,topspin,1.2399999999997817,7.550000000000001,-3.289999999999999,2.450000000000001,23.28,3.884369318177662,3.0759104343267207,7.9,-3.039999999999999,5.79,23.630000000000003,0
123,1,forehand,first_serve,0.0,7.07,0.7699999999999996,2.66,26.51,1.7621364873357566,3.9285525324220885,,,,,0
123,2,backhand,return,0.8000000000001819,7.5,2.84,4.49,25.700000000000003,3.4822155303771765,2.162504335255772,7.07,0.7699999999999996,2.66,26.51,0
123,3,backhand,topspin,1.4799999990000288,9.620000000000001,2.84,5.090000000000001,26.17,5.016355748947637,2.422421309351452,7.5,2.84,4.49,25.700000000000003,0
123,4,backhand,topspin,1.0399999999999636,8.33,1.7200000000000024,8.05,26.14,3.3245187621669405,3.485516461014063,9.620000000000001,2.84,5.090000000000001,26.17,0
123,5,forehand,topspin,1.1600000010002987,3.8100000000000005,0.23000000000000043,7.82,26.17,1.6907173033952185,3.341305882435788,8.33,1.7200000000000024,8.05,26.14,0
123,6,backhand,topspin,1.3999999999996362,3.7300000000000004,-0.7799999999999976,9.26,23.900000000000002,1.9205272713502395,3.7769068031922624,3.8100000000000005,0.23000000000000043,7.82,26.17,0
123,7,backhand,topspin,1.0,7.33,-0.10999999999999943,8.25,23.69,1.8482762239448947,2.7664643500323653,3.7300000000000004,-0.7799999999999976,9.26,23.900000000000002,0
125,1,forehand,second_serve,0.0,7.34,-0.21999999999999886,1.9900000000000002,25.25,1.868000267665933,3.791559705451043,,,,,1
125,2,forehand,return,0.9200000000000728,7.0,3.0400000000000027,3.7200000000000006,24.490000000000002,3.3965902019525425,1.9024523647124518,7.34,-0.21999999999999886,1.9900000000000002,25.25,1
125,3,forehand,topspin,0.9600000000000364,7.69,1.6099999999999994,4.8100000000000005,24.91,2.7302243497558947,1.3162541547892632,7.0,3.0400000000000027,3.7200000000000006,24.490000000000002,1
130,1,forehand,second_serve,0.0,5.4,-0.15,1.18,24.68,0.17240939649566667,4.398070599706195,,,,,1
130,2,backhand,return,0.9200000000000728,5.66,0.89,4.39,25.02,0.907041895394033,1.6542747655694918,5.4,-0.15,1.18,24.68,1
130,3,forehand,topspin,1.5599999999994907,8.67,1.52,4.93,25.14,3.5291110778778267,1.4688856320353871,5.66,0.89,4.39,25.02,1
130,4,backhand,topspin,0.9600000000000364,8.36,1.33,6.77,24.45,3.1677318383979403,1.4491808030746183,8.67,1.52,4.93,25.14,1
130,5,backhand,slice,1.0799999999999272,7.82,0.33,5.77,24.33,2.3582037655809134,0.6194554059817352,8.36,1.33,6.77,24.45,1
130,6,backhand,stop,1.680000000000291,5.42,-1.44,6.52,20.45,1.441466267381932,3.4871370778906887,7.82,0.33,5.77,24.33,1
130,7,backhand,slice,1.9200000000000728,8.36,5.99,6.0,16.84,6.644224935987643,6.959082195232358,5.42,-1.44,6.52,20.45,1
131,1,forehand,first_serve,0.0,4.05,-0.45,8.56,25.02,1.5039032548671478,3.3156032633594745,,,,,0
131,2,backhand,return,0.7600000000002183,4.68,1.0,9.43,24.56,1.2837542599734582,4.021371034858633,4.05,-0.45,8.56,25.02,0
131,3,forehand,topspin,1.0399999999999636,3.32,0.4,7.93,23.89,2.201641433113031,2.4474731867785593,4.68,1.0,9.43,24.56,0
131,4,forehand,topspin,1.2399999999997817,4.15,-2.45,6.2,24.68,2.790112004920233,1.1494455185001147,3.32,0.4,7.93,23.89,0
131,5,forehand,topspin,1.2799999999997453,2.33,-1.1,6.03,25.26,3.3412609895068064,1.577157252781092,4.15,-2.45,6.2,24.68,0
131,6,forehand,topspin,1.2400000000006912,4.3,-1.32,4.02,25.02,1.77387288157861,1.9193293099413653,2.33,-1.1,6.03,25.26,0
131,7,backhand,topspin,1.1599999999998545,7.39,-1.68,4.08,25.14,2.539965550947492,1.9554091643438718,4.3,-1.32,4.02,25.02,0
131,8,forehand,topspin,1.2399999999997817,6.5,-2.45,3.61,25.14,2.6519285435320463,2.316295533821192,7.39,-1.68,4.08,25.14,0
131,9,forehand,topspin,1.199999999999818,2.66,-2.39,4.85,24.79,3.7003682249203256,1.1930318520475456,6.5,-2.45,3.61,25.14,0
131,10,backhand,stop,1.480000000000473,3.81,-1.89,8.34,21.85,2.5254158073473763,3.446146398515303,2.66,-2.39,4.85,24.79,0
131,11,backhand,stop,2.3599999999996726,7.73,7.26,5.59,19.22,7.59918581165114,4.561208721380773,3.81,-1.89,8.34,21.85,0
131,12,backhand,slice,1.480000000000473,6.7,9.68,7.82,15.77,9.755953310671387,8.343400086295755,7.73,7.26,5.59,19.22,0
132,1,forehand,first_serve,0.0,5.42,-0.29,1.24,25.73,0.2971952220342717,4.671458551673128,,,,,1
132,2,forehand,return,0.6799999999993815,5.65,1.29,-0.73,25.26,1.3005095155361226,6.388789008881104,5.42,-0.29,1.24,25.73,1
134,1,forehand,second_serve,0.0,4.0,-0.32,8.33,23.44,1.5190868967903057,2.865244317680431,,,,,0
134,2,backhand,return,0.8000000000001819,4.6,1.0,8.34,23.55,1.335374479312826,2.8642494653922865,4.0,-0.32,8.33,23.44,0
134,3,forehand,topspin,1.2399999999997817,4.63,-0.52,6.45,23.67,1.000712246352567,0.9712491956238624,4.6,1.0,8.34,23.55,0
134,4,forehand,topspin,1.2399999999997817,5.72,-1.47,1.49,26.09,1.488665509777129,4.614772475431481,4.63,-0.52,6.45,23.67,0
134,5,backhand,topspin,1.2000000000007276,8.32,-0.78,1.77,25.97,2.9403443675868988,4.3124615940318805,5.72,-1.47,1.49,26.09,0
134,6,backhand,topspin,1.199999999999818,7.6,-0.08,5.74,25.73,2.116512461574464,1.9666024000798934,8.32,-0.78,1.77,25.97,0
134,7,forehand,topspin,1.1199999999998909,3.01,-0.97,5.76,25.97,2.6582936256177576,2.2071984505250066,7.6,-0.08,5.74,25.73,0
134,8,backhand,stop,1.4399999999995998,3.1,-1.74,9.35,24.22,2.952257610710827,3.889964652795703,3.01,-0.97,5.76,25.97,0
134,9,backhand,topspin,2.2000000000007276,6.48,6.85,6.5,17.35,6.921887387122099,6.509617884330845,3.1,-1.74,9.35,24.22,0
134,10,backhand,volley,0.47999999999956344,6.26,8.75,6.59,17.26,8.7842543792857,6.612973990573378,6.48,6.85,6.5,17.35,0
134,11,forehand,topspin,3.199999999999818,4.24,1.98,4.97,16.92,2.3388939693795443,6.879304107248057,6.26,8.75,6.59,17.26,0
135,1,forehand,first_serve,0.0,5.47,-0.35,1.34,26.09,0.3503212811120672,4.745221280404108,,,,,1
135,2,backhand,return,0.7199999999993452,5.84,1.67,2.47,26.21,1.7073151437271328,3.8723539352698633,5.47,-0.35,1.34,26.09,1
135,3,forehand,topspin,1.1199999999998909,7.34,0.68,3.93,24.79,1.975708733594099,1.854218164078865,5.84,1.67,2.47,26.21,1
135,4,forehand,slice,1.480000000000473,7.98,-1.25,0.57,23.33,2.790613731780162,4.935557212716716,7.34,0.68,3.93,24.79,1
135,5,forehand,topspin,1.6400000000003274,8.16,1.18,2.61,26.45,2.9237005660634945,3.9235857324646277,7.98,-1.25,0.57,23.33,1
135,6,backhand,topspin,1.199999999999818,6.88,2.09,7.06,26.69,2.5127922715576787,3.308885764120605,8.16,1.18,2.61,26.45,1
136,1,forehand,first_serve,0.0,4.04,-0.39,8.54,25.73,1.4967047136960587,3.6242964834571674,,,,,1
136,2,backhand,return,0.7600000000002183,4.63,0.75,10.45,24.68,1.137332405236042,5.045911711474943,4.04,-0.39,8.54,25.73,1
139,1,forehand,second_serve,0.0,6.05,-0.22,0.32,25.14,0.6063208721460934,5.341050926549943,,,,,1
139,2,forehand,return,0.8400000000001455,5.94,0.5,0.75,24.22,0.6760362416320593,4.755399562602495,6.05,-0.22,0.32,25.14,1
139,3,backhand,topspin,1.0799999999999272,4.55,-0.15,1.78,24.33,0.9469556483806414,3.7456007528833073,5.94,0.5,0.75,24.22,1
139,4,forehand,topspin,2.0799999999999272,4.13,-1.8,8.12,24.45,2.2530035508183297,2.7188462626636305,4.55,-0.15,1.78,24.33,1
141,1,forehand,second_serve,0.0,4.32,-0.15,7.67,24.91,1.1746169588423283,2.4599034533899897,,,,,1
141,2,backhand,return,0.7999999999992724,4.41,0.29,5.97,23.89,1.1134293870740077,0.49731780583445767,4.32,-0.15,7.67,24.91,1
141,3,backhand,topspin,1.0400000000008731,3.19,-0.25,4.86,24.22,2.3085764011615475,0.7643461257833377,4.41,0.29,5.97,23.89,1
141,4,backhand,topspin,1.2799999999997453,4.29,-1.25,4.12,26.94,1.7293134475854863,3.4422122247182845,3.19,-0.25,4.86,24.22,1
143,1,forehand,second_serve,0.0,5.95,-0.29,0.28,25.14,0.5480191602489823,5.379742094190018,,,,,1
143,2,forehand,return,0.8799999999991996,5.84,0.15,2.57,24.79,0.38538941345086225,3.0850162074128553,5.95,-0.29,0.28,25.14,1
146,1,forehand,second_serve,0.0,4.44,-0.29,7.88,24.22,1.084492969087398,2.435082134138394,,,,,1
146,2,forehand,return,0.9200000000000728,4.36,-0.12,9.17,23.77,1.1313818983879846,3.6850135684960508,4.44,-0.29,7.88,24.22,1
147,1,forehand,first_serve,0.0,6.91,0.010000000000001563,2.59,26.48,1.425035087287327,3.9586645475463063,,,,,1
147,2,backhand,slice,0.7600000000002183,7.180000000000001,1.4100000000000001,5.98,25.0,2.2047959089221845,1.3165959896642543,6.91,0.010000000000001563,2.59,26.48,1
149,1,forehand,second_serve,0.0,4.590000000000001,-0.21999999999999886,7.65,25.0,0.9216425554410987,2.4850804815941068,,,,,0
152,1,forehand,first_serve,0.0,5.45,-0.10999999999999943,9.9,24.84,0.11543396380615147,4.540465284527567,,,,,0
152,2,backhand,return,0.9200000000000728,6.0600000000000005,1.6099999999999994,11.06,23.42,1.7095979059416277,5.586611226853002,5.45,-0.10999999999999943,9.9,24.84,0
152,3,backhand,topspin,1.1599999999998545,8.08,1.6099999999999994,8.9,23.59,3.0538704949620894,3.4202814211699013,6.0600000000000005,1.6099999999999994,11.06,23.42,0
152,4,forehand,topspin,1.360000000000582,7.76,-0.7799999999999976,3.210000000000001,24.0,2.4049999999999985,2.2856126093456863,8.08,1.6099999999999994,8.9,23.59,0
152,5,backhand,topspin,1.1599999999998545,10.25,-0.4399999999999977,4.04,24.36,4.785271674628306,1.5570565179209133,7.76,-0.7799999999999976,3.210000000000001,24.0,0
152,6,backhand,topspin,1.8800000000001091,8.41,-1.7099999999999973,7.5,24.130000000000003,3.3881742871345906,2.0451711419829883,10.25,-0.4399999999999977,4.04,24.36,0
152,7,backhand,topspin,1.1199999999998909,7.34,-2.1899999999999977,6.6000000000000005,24.650000000000002,2.870039198338585,1.4142577558564076,8.41,-1.7099999999999973,7.5,24.130000000000003,0
152,8,backhand,topspin,1.4399999999995998,6.210000000000001,-2.789999999999999,7.33,23.86,2.882659362463764,1.8467336028783357,7.34,-2.1899999999999977,6.6000000000000005,24.650000000000002,0
152,9,forehand,topspin,1.2799999999997453,4.82,-3.539999999999999,6.930000000000001,25.220000000000002,3.601919627087755,2.0400061274417793,6.210000000000001,-2.789999999999999,7.33,23.86,0
152,10,backhand,topspin,1.4000000000005457,5.300000000000001,-2.669999999999998,11.040000000000001,24.880000000000003,2.6764015020172125,5.662863674855683,4.82,-3.539999999999999,6.930000000000001,25.220000000000002,0
154,1,forehand,second_serve,0.0,6.65,0.7699999999999996,3.0300000000000002,24.69,1.3964687608392818,2.6182293635203164,,,,,1
154,2,forehand,return,1.0,6.94,1.8200000000000003,5.050000000000001,24.03,2.330112658220628,0.5017220345968469,6.65,0.7699999999999996,3.0300000000000002,24.69,1
154,3,forehand,topspin,1.3599999999996726,4.840000000000001,0.6600000000000001,6.880000000000001,25.94,0.9228353049163213,2.571308032889098,6.94,1.8200000000000003,5.050000000000001,24.03,1
154,4,forehand,topspin,1.2799999999997453,5.930000000000001,1.6099999999999994,3.1900000000000004,26.48,1.6703667262011652,3.543589282069805,4.840000000000001,0.6600000000000001,6.880000000000001,25.94,1
154,5,backhand,slice,1.2000000000007276,10.22,2.330000000000002,3.6400000000000006,26.11,5.2772270180465055,2.9720237213050624,5.930000000000001,1.6099999999999994,3.1900000000000004,26.48,1
154,6,forehand,topspin,2.5999999999994543,6.340000000000001,-0.10999999999999943,8.58,22.41,0.8620469824783337,3.384660248828529,10.22,2.330000000000002,3.6400000000000006,26.11,1
154,7,backhand,topspin,1.1599999999998545,8.940000000000001,-0.6699999999999982,7.8500000000000005,23.03,3.5193642891863304,2.4810733564326553,6.340000000000001,-0.10999999999999943,8.58,22.41,1
154,8,forehand,topspin,1.2400000000006912,9.15,-0.6699999999999982,4.7,24.130000000000003,3.725738181890939,0.8594911285173344,8.940000000000001,-0.6699999999999982,7.8500000000000005,23.03,1
154,9,forehand,topspin,1.519999999999527,6.930000000000001,-0.21999999999999886,5.720000000000001,25.94,1.4616514632428623,2.1727459584590187,9.15,-0.6699999999999982,4.7,24.130000000000003,1
154,10,backhand,topspin,1.1599999999998545,5.91,0.5500000000000007,9.26,24.75,0.6950719387228926,3.897630690560612,6.930000000000001,-0.21999999999999886,5.720000000000001,25.94,1
154,11,backhand,topspin,1.1599999999998545,7.200000000000001,0.33999999999999986,7.630000000000001,24.78,1.7483778195801964,2.366648474108481,5.91,0.5500000000000007,9.26,24.75,1
154,12,forehand,topspin,1.5200000000004366,6.840000000000001,-1.7099999999999973,5.69,23.52,2.1817710695671053,0.33109666262286735,7.200000000000001,0.33999999999999986,7.630000000000001,24.78,1
154,13,backhand,topspin,1.1599999999998545,9.76,-1.9499999999999993,5.470000000000001,24.27,4.6987365323031245,0.4902295380737461,6.840000000000001,-1.7099999999999973,5.69,23.52,1
154,15,backhand,topspin,1.1200000000008004,7.550000000000001,-2.1899999999999977,7.58,24.810000000000002,3.010037375183237,2.334507442695354,9.76,-1.9499999999999993,5.470000000000001,24.27,1
154,16,forehand,slice,1.1599999999998545,7.300000000000001,-1.009999999999998,2.2699999999999996,25.03,2.077095327614984,3.449452855164135,7.550000000000001,-2.1899999999999977,7.58,24.810000000000002,1
155,1,forehand,first_serve,0.0,5.010000000000001,-0.3299999999999983,9.71,24.78,0.5783813620786881,4.341730645721819,,,,,0
155,2,backhand,return,0.8400000000001455,5.460000000000001,1.2000000000000028,11.690000000000001,22.220000000000002,1.2002603884157832,6.3980954197323445,5.010000000000001,-0.3299999999999983,9.71,24.78,0
155,3,forehand,topspin,1.319999999999709,4.7700000000000005,0.10999999999999943,9.26,23.630000000000003,0.7234120540881246,3.7779789570615656,5.460000000000001,1.2000000000000028,11.690000000000001,22.220000000000002,0
155,4,forehand,topspin,1.3200000000006185,5.99,-1.5899999999999999,6.08,24.84,1.668270062070287,1.2155759951562046,4.7700000000000005,0.10999999999999943,9.26,23.630000000000003,0
155,5,forehand,topspin,1.1599999999998545,3.5100000000000007,-1.9499999999999993,6.36,25.130000000000003,2.775450413896814,1.6087650543196181,5.99,-1.5899999999999999,6.08,24.84,0
155,6,backhand,topspin,1.519999999999527,4.550000000000001,-3.289999999999999,8.370000000000001,22.34,3.4202814211699004,3.224410798890242,3.5100000000000007,-1.9499999999999993,6.36,25.130000000000003,0
155,7,backhand,slice,1.360000000000582,9.76,-3.41,6.49,23.28,5.468429847771661,1.122508351862025,4.550000000000001,-3.289999999999999,8.370000000000001,22.34,0
155,8,forehand,topspin,1.8400000000001455,7.3500000000000005,-3.16,8.21,24.23,3.669308517963569,2.761906044745187,9.76,-3.41,6.49,23.28,0
155,9,forehand,topspin,1.3999999999996362,2.0700000000000003,-4.299999999999997,7.870000000000001,24.810000000000002,5.4911041694726554,2.5979078120672425,7.3500000000000005,-3.16,8.21,24.23,0
155,10,backhand,stop,1.4399999999995998,3.1100000000000003,-2.91,8.600000000000001,22.85,3.756158276750329,3.2508652694321256,2.0700000000000003,-4.299999999999997,7.870000000000001,24.810000000000002,0
155,11,forehand,slice,1.9600000000000364,4.48,6.0,6.1000000000000005,17.64,6.083586524411402,6.170723215312773,3.1100000000000003,-2.91,8.600000000000001,22.85,0
156,1,forehand,first_serve,0.0,7.59,-1.009999999999998,1.2400000000000002,26.87,2.3347644420797558,5.250535686956142,,,,,0
156,2,backhand,return,0.9600000000000364,8.15,1.4100000000000001,0.5700000000000003,25.73,3.0150165837023186,5.287695622858789,7.59,-1.009999999999998,1.2400000000000002,26.87,0
156,3,forehand,topspin,1.3200000000006185,7.82,1.7200000000000024,3.210000000000001,25.37,2.90010775661871,2.7755585023558766,8.15,1.4100000000000001,0.5700000000000003,25.73,0
156,4,backhand,slice,1.2399999999997817,6.890000000000001,1.6099999999999994,5.29,25.37,2.13684931616621,1.601912918981553,7.82,1.7200000000000024,3.210000000000001,25.37,0
156,5,forehand,topspin,1.800000000000182,4.3100000000000005,3.4200000000000017,6.45,25.85,3.6162169459256743,2.2838837536091896,6.890000000000001,1.6099999999999994,5.29,25.37,0
156,6,forehand,topspin,1.0799999999999272,3.9300000000000006,1.6099999999999994,8.89,25.03,2.238330851326496,3.6271924404420566,4.3100000000000005,3.4200000000000017,6.45,25.85,0
156,7,forehand,topspin,1.1599999999998545,3.7,1.2000000000000028,8.280000000000001,25.28,2.1508661046192548,3.1720695137402024,3.9300000000000006,1.6099999999999994,8.89,25.03,0
156,8,backhand,topspin,1.3999999999996362,5.62,-0.21999999999999886,3.8500000000000005,24.07,0.25811818998280506,1.6605194970249517,3.7,1.2000000000000028,8.280000000000001,25.28,0
157,1,forehand,first_serve,0.0,5.8100000000000005,-3.539999999999999,9.100000000000001,25.0,3.554887480638451,3.815314534871274,,,,,1
157,2,forehand,return,0.7599999999993088,5.74,-2.1899999999999977,11.540000000000001,22.71,2.204795908922182,6.148814926471605,5.8100000000000005,-3.539999999999999,9.100000000000001,25.0,1
157,3,forehand,topspin,1.7600000000002183,4.33,-0.6699999999999982,8.290000000000001,23.73,1.3352621465465118,2.8054455974051615,5.74,-2.1899999999999977,11.540000000000001,22.71,1
158,1,forehand,first_serve,0.0,7.720000000000001,-1.8299999999999983,1.4100000000000001,26.03,2.8886199126918712,4.654903328749159,,,,,1
158,2,backhand,return,0.9200000000000728,7.710000000000001,0.33000000000000185,0.17999999999999972,24.720000000000002,2.2493387917341408,5.387636309180493,7.720000000000001,-1.8299999999999983,1.4100000000000001,26.03,1
161,1,forehand,first_serve,0.0,8.5,-0.3299999999999983,1.8800000000000008,25.64,3.033005934712294,4.056553339967317,,,,,1
161,2,backhand,return,0.6799999999993815,8.34,1.0899999999999999,0.23000000000000043,24.78,3.0559982002612496,5.349301356252048,8.5,-0.3299999999999983,1.8800000000000008,25.64,1
161,3,forehand,topspin,1.1199999999998909,9.370000000000001,1.3000000000000007,2.26,25.37,4.096733454839357,3.5956536262548986,8.34,1.0899999999999999,0.23000000000000043,24.78,1
161,4,forehand,topspin,1.4400000000005093,6.710000000000001,-0.10999999999999943,8.0,26.0,1.2299288597313265,3.3546423058203976,9.370000000000001,1.3000000000000007,2.26,25.37,1
161,5,backhand,topspin,1.2799999999997453,2.7699999999999996,-0.4399999999999977,8.290000000000001,25.61,2.7504226947871127,3.3491678070828277,6.710000000000001,-0.10999999999999943,8.0,26.0,1
161,6,backhand,topspin,1.480000000000473,5.0600000000000005,-3.039999999999999,5.65,23.59,3.0695643013300753,0.25164459064323336,2.7699999999999996,-0.4399999999999977,8.290000000000001,25.61,1
161,8,forehand,topspin,1.2799999999997453,4.7700000000000005,-4.049999999999997,4.9,23.07,4.112629937156998,0.9199592382274342,5.0600000000000005,-3.039999999999999,5.65,23.59,1
161,9,forehand,topspin,1.2799999999997453,9.100000000000001,-4.169999999999998,4.840000000000001,23.490000000000002,5.5187974233523,0.7071951640106138,4.7700000000000005,-4.049999999999997,4.9,23.07,1
161,10,forehand,topspin,1.199999999999818,7.200000000000001,-5.489999999999998,6.380000000000001,23.970000000000002,5.751636723577036,0.914945353559436,9.100000000000001,-4.169999999999998,4.840000000000001,23.490000000000002,1
161,11,backhand,topspin,1.360000000000582,3.3600000000000003,-4.049999999999997,6.720000000000001,24.560000000000002,4.5736336757549765,1.4606933285258759,7.200000000000001,-5.489999999999998,6.380000000000001,23.970000000000002,1
162,1,forehand,first_serve,0.0,5.47,0.22,1.43,26.33,0.2205107707119995,4.790148745080886,,,,,1
162,2,backhand,return,0.6799999999993815,5.72,1.22,3.17,26.09,1.2424270602333158,3.270370774086632,5.47,0.22,1.43,26.33,1
162,3,forehand,topspin,1.8800000000001091,2.04,0.5,5.28,26.21,3.481095373585734,2.4386317885240483,5.72,1.22,3.17,26.09,1
164,1,forehand,first_serve,0.0,5.43,-0.15,1.41,25.73,0.15976545308670478,4.517535279330976,,,,,1
164,2,forehand,return,0.7199999999993452,5.76,1.59,0.4,24.68,1.6136062097054535,5.1640318550527935,5.43,-0.15,1.41,25.73,1
165,1,forehand,first_serve,0.0,4.21,-0.22,8.38,25.49,1.2938411803617942,3.3623094741561186,,,,,0
165,2,forehand,return,0.6399999999994179,4.8,1.48,6.99,25.02,1.6308356753517506,1.9500320510186482,4.21,-0.22,8.38,25.49,0
165,3,forehand,topspin,0.9200000000000728,4.35,1.56,6.2,24.33,1.929203203397714,0.9020670706771181,4.8,1.48,6.99,25.02,0
168,1,forehand,second_serve,0.0,5.42,0.02,1.44,23.89,0.0680073525436776,4.0464953972542705,,,,,1
168,2,forehand,return,0.8000000000001819,5.82,1.18,1.1,23.12,1.2266315665268035,4.434391164523039,5.42,0.02,1.44,23.89,1
168,3,forehand,topspin,1.0799999999999272,4.31,0.22,1.28,23.44,1.1954183368177025,4.218723148062693,5.82,1.18,1.1,23.12,1
168,4,backhand,slice,1.319999999999709,4.6,0.86,8.37,24.45,1.2340279575439128,2.9617773380185066,4.31,0.22,1.28,23.44,1
